from,to,probability,succession_key,flooding,grazing,explore,drying,grazingstopped,abandonment,improvement,fire,clearance,mowing,wetting,ploughingstarted,ploughingstopped,myxomatosis,mowingstopped,fr,sum,label
A1,A15,0.5,A1:A1:A15,0.0,0.0,0.0,0.0,0.0,0.0,0.0,0.0,0.0,0.0,0.0,0.0,0.0,0.0,0.0,A1,0.0,0.0
A10,A11,0.5,A10:A10:A11,0.0,0.0,0.0,0.0,0.0,0.0,0.0,0.0,0.0,0.0,0.0,0.0,0.0,0.0,0.0,A10,0.0,0.0
A10,A22,0.5,A10:A10:A22,0.0,0.0,0.0,0.0,0.0,0.0,0.0,0.0,0.0,0.0,0.0,0.0,0.0,0.0,0.0,A10,0.0,0.0
A10,S27,0.5,A10:A10:S27,0.0,0.0,0.0,0.0,0.0,0.0,0.0,0.0,0.0,0.0,0.0,0.0,0.0,0.0,0.0,A10,0.0,0.0
A10,MG11,0.5,A10:A10:MG11,1.0,0.0,0.0,0.0,0.0,0.0,0.0,0.0,0.0,0.0,0.0,0.0,0.0,0.0,0.0,A10,1.0,1.0
A11,A22,0.5,A11:A11:A22,0.0,0.0,0.0,0.0,0.0,0.0,0.0,0.0,0.0,0.0,0.0,0.0,0.0,0.0,0.0,A11,0.0,0.0
A11,A9,0.5,A11:A11:A9,0.0,0.0,0.0,0.0,0.0,0.0,0.0,0.0,0.0,0.0,0.0,0.0,0.0,0.0,0.0,A11,0.0,0.0
A12,A10,0.5,A12:A12:A10,0.0,0.0,0.0,0.0,0.0,0.0,0.0,0.0,0.0,0.0,0.0,0.0,0.0,0.0,0.0,A12,0.0,0.0
A12,A16,0.5,A12:A12:A16,0.0,0.0,0.0,0.0,0.0,0.0,0.0,0.0,0.0,0.0,0.0,0.0,0.0,0.0,0.0,A12,0.0,0.0
A13,A22,0.5,A13:A13:A22,0.0,0.0,0.0,0.0,0.0,0.0,0.0,0.0,0.0,0.0,0.0,0.0,0.0,0.0,0.0,A13,0.0,0.0
A13,A8,0.5,A13:A13:A8,0.0,0.0,0.0,0.0,0.0,0.0,0.0,0.0,0.0,0.0,0.0,0.0,0.0,0.0,0.0,A13,0.0,0.0
A13,A9,0.5,A13:A13:A9,0.0,0.0,0.0,0.0,0.0,0.0,0.0,0.0,0.0,0.0,0.0,0.0,0.0,0.0,0.0,A13,0.0,0.0
A13,S27,0.5,A13:A13:S27,0.0,0.0,0.0,0.0,0.0,0.0,0.0,0.0,0.0,0.0,0.0,0.0,0.0,0.0,0.0,A13,0.0,0.0
A14,A22,0.5,A14:A14:A22,0.0,0.0,0.0,0.0,0.0,0.0,0.0,0.0,0.0,0.0,0.0,0.0,0.0,0.0,0.0,A14,0.0,0.0
A14,A16,0.5,A14:A14:A16,0.0,0.0,0.0,0.0,0.0,0.0,0.0,0.0,0.0,0.0,0.0,0.0,0.0,0.0,0.0,A14,0.0,0.0
A17,A8,0.5,A17:A17:A8,0.0,0.0,0.0,0.0,0.0,0.0,0.0,0.0,0.0,0.0,0.0,0.0,0.0,0.0,0.0,A17,0.0,0.0
A19,A14,0.5,A19:A19:A14,0.0,0.0,0.0,0.0,0.0,0.0,0.0,0.0,0.0,0.0,0.0,0.0,0.0,0.0,0.0,A19,0.0,0.0
A2,A15,0.5,A2:A2:A15,0.0,0.0,0.0,0.0,0.0,0.0,0.0,0.0,0.0,0.0,0.0,0.0,0.0,0.0,0.0,A2,0.0,0.0
A21,MG12,0.5,A21:A21:MG12,0.0,0.0,0.0,0.0,0.0,0.0,0.0,0.0,0.0,0.0,0.0,0.0,0.0,0.0,0.0,A21,0.0,0.0
A21,MG11,0.5,A21:A21:MG11,0.0,0.0,0.0,0.0,0.0,0.0,0.0,0.0,0.0,0.0,0.0,0.0,0.0,0.0,0.0,A21,0.0,0.0
A21,MG13,0.5,A21:A21:MG13,0.0,0.0,0.0,0.0,0.0,0.0,0.0,0.0,0.0,0.0,0.0,0.0,0.0,0.0,0.0,A21,0.0,0.0
A22,A13,0.5,A22:A22:A13,0.0,0.0,0.0,0.0,0.0,0.0,0.0,0.0,0.0,0.0,0.0,0.0,0.0,0.0,0.0,A22,0.0,0.0
A22,A24,0.5,A22:A22:A24,0.0,0.0,0.0,0.0,0.0,0.0,0.0,0.0,0.0,0.0,0.0,0.0,0.0,0.0,0.0,A22,0.0,0.0
A23,A22,0.5,A23:A23:A22,0.0,0.0,0.0,0.0,0.0,0.0,0.0,0.0,0.0,0.0,0.0,0.0,0.0,0.0,0.0,A23,0.0,0.0
A24,A22,0.5,A24:A24:A22,0.0,0.0,0.0,0.0,0.0,0.0,0.0,0.0,0.0,0.0,0.0,0.0,0.0,0.0,0.0,A24,0.0,0.0
A3,S16,0.5,A3:A3:S16,0.0,0.0,0.0,0.0,0.0,0.0,0.0,0.0,0.0,0.0,0.0,0.0,0.0,0.0,0.0,A3,0.0,0.0
A3,A11,0.5,A3:A3:A11,0.0,0.0,0.0,0.0,0.0,0.0,0.0,0.0,0.0,0.0,0.0,0.0,0.0,0.0,0.0,A3,0.0,0.0
A3,A12,0.5,A3:A3:A12,0.0,0.0,0.0,0.0,0.0,0.0,0.0,0.0,0.0,0.0,0.0,0.0,0.0,0.0,0.0,A3,0.0,0.0
A4,S24,0.5,A4:A4:S24,0.0,0.0,0.0,0.0,0.0,0.0,0.0,0.0,0.0,0.0,0.0,0.0,0.0,0.0,0.0,A4,0.0,0.0
A4,S25,0.5,A4:A4:S25,0.0,0.0,0.0,0.0,0.0,0.0,0.0,0.0,0.0,0.0,0.0,0.0,0.0,0.0,0.0,A4,0.0,0.0
A5,A12,0.5,A5:A5:A12,0.0,0.0,0.0,0.0,0.0,0.0,0.0,0.0,0.0,0.0,0.0,0.0,0.0,0.0,0.0,A5,0.0,0.0
A7,A9,0.5,A7:A7:A9,0.0,0.0,0.0,0.0,0.0,0.0,0.0,0.0,0.0,0.0,0.0,0.0,0.0,0.0,0.0,A7,0.0,0.0
A7,A13,0.5,A7:A7:A13,0.0,0.0,0.0,0.0,0.0,0.0,0.0,0.0,0.0,0.0,0.0,0.0,0.0,0.0,0.0,A7,0.0,0.0
A7,A15,0.5,A7:A7:A15,0.0,0.0,0.0,0.0,0.0,0.0,0.0,0.0,0.0,0.0,0.0,0.0,0.0,0.0,0.0,A7,0.0,0.0
A7,A24,0.5,A7:A7:A24,0.0,0.0,0.0,0.0,0.0,0.0,0.0,0.0,0.0,0.0,0.0,0.0,0.0,0.0,0.0,A7,0.0,0.0
A8,A13,0.5,A8:A8:A13,0.0,0.0,0.0,0.0,0.0,0.0,0.0,0.0,0.0,0.0,0.0,0.0,0.0,0.0,0.0,A8,0.0,0.0
A8,A22,0.5,A8:A8:A22,0.0,0.0,0.0,0.0,0.0,0.0,0.0,0.0,0.0,0.0,0.0,0.0,0.0,0.0,0.0,A8,0.0,0.0
A9,A10,0.5,A9:A9:A10,0.0,0.0,0.0,0.0,0.0,0.0,0.0,0.0,0.0,0.0,0.0,0.0,0.0,0.0,0.0,A9,0.0,0.0
A9,A13,0.5,A9:A9:A13,0.0,0.0,0.0,0.0,0.0,0.0,0.0,0.0,0.0,0.0,0.0,0.0,0.0,0.0,0.0,A9,0.0,0.0
A9,A22,0.5,A9:A9:A22,0.0,0.0,0.0,0.0,0.0,0.0,0.0,0.0,0.0,0.0,0.0,0.0,0.0,0.0,0.0,A9,0.0,0.0
CG1,CG2,0.5,CG1:CG1:CG2,0.0,1.0,1.0,0.0,0.0,0.0,0.0,0.0,0.0,0.0,0.0,0.0,0.0,0.0,0.0,CG1,1.0,1.0
CG1,MC8,0.5,CG1:CG1:MC8,0.0,0.0,1.0,0.0,0.0,0.0,0.0,0.0,0.0,0.0,0.0,0.0,0.0,0.0,0.0,CG1,0.0,0.0
CG1,MC5,0.5,CG1:CG1:MC5,0.0,0.0,1.0,0.0,0.0,0.0,0.0,0.0,0.0,0.0,0.0,0.0,0.0,0.0,0.0,CG1,0.0,0.0
CG1,H7,0.5,CG1:CG1:H7,0.0,0.0,1.0,0.0,0.0,0.0,0.0,0.0,0.0,0.0,0.0,0.0,0.0,0.0,0.0,CG1,0.0,0.0
CG1,CG6,0.5,CG1:CG1:CG6,0.0,0.0,1.0,0.0,0.0,0.0,0.0,0.0,0.0,0.0,0.0,0.0,0.0,0.0,0.0,CG1,0.0,0.0
CG1,MC11,0.5,CG1:CG1:MC11,0.0,0.0,1.0,0.0,0.0,0.0,0.0,0.0,0.0,0.0,0.0,0.0,0.0,0.0,0.0,CG1,0.0,0.0
CG10,U4,0.5,CG10:CG10:U4,0.0,0.0,0.0,0.0,0.0,0.0,0.0,0.0,0.0,0.0,0.0,0.0,0.0,0.0,0.0,CG10,0.0,0.0
CG10,CG9,0.5,CG10:CG10:CG9,0.0,0.0,0.0,0.0,0.0,0.0,0.0,0.0,0.0,0.0,0.0,0.0,0.0,0.0,0.0,CG10,0.0,0.0
CG10,CG11,0.5,CG10:CG10:CG11,0.0,0.0,0.0,0.0,0.0,0.0,0.0,0.0,0.0,0.0,0.0,0.0,0.0,0.0,0.0,CG10,0.0,0.0
CG10,CG13,0.5,CG10:CG10:CG13,0.0,0.0,0.0,0.0,0.0,0.0,0.0,0.0,0.0,0.0,0.0,0.0,0.0,0.0,0.0,CG10,0.0,0.0
CG10,U5,0.5,CG10:CG10:U5,0.0,0.0,0.0,0.0,0.0,0.0,0.0,0.0,0.0,0.0,0.0,0.0,0.0,0.0,0.0,CG10,0.0,0.0
CG10,H10,0.5,CG10:CG10:H10,0.0,0.0,0.0,0.0,0.0,0.0,0.0,0.0,0.0,0.0,0.0,0.0,0.0,0.0,0.0,CG10,0.0,0.0
CG10,H12,0.5,CG10:CG10:H12,0.0,0.0,0.0,0.0,0.0,0.0,0.0,0.0,0.0,0.0,0.0,0.0,0.0,0.0,0.0,CG10,0.0,0.0
CG10,H18,0.5,CG10:CG10:H18,0.0,0.0,0.0,0.0,0.0,0.0,0.0,0.0,0.0,0.0,0.0,0.0,0.0,0.0,0.0,CG10,0.0,0.0
CG10,M10,0.5,CG10:CG10:M10,0.0,0.0,0.0,0.0,0.0,0.0,0.0,0.0,0.0,0.0,0.0,0.0,0.0,0.0,0.0,CG10,0.0,0.0
CG10,M11,0.5,CG10:CG10:M11,0.0,0.0,0.0,0.0,0.0,0.0,0.0,0.0,0.0,0.0,0.0,0.0,0.0,0.0,0.0,CG10,0.0,0.0
CG10,U15,0.5,CG10:CG10:U15,0.0,0.0,0.0,0.0,0.0,0.0,0.0,0.0,0.0,0.0,0.0,0.0,0.0,0.0,0.0,CG10,0.0,0.0
CG10,CG12,0.5,CG10:CG10:CG12,0.0,0.0,0.0,0.0,0.0,0.0,0.0,0.0,0.0,0.0,0.0,0.0,0.0,0.0,0.0,CG10,0.0,0.0
CG10,U13,0.5,CG10:CG10:U13,0.0,0.0,0.0,1.0,0.0,0.0,0.0,0.0,0.0,0.0,0.0,0.0,0.0,0.0,0.0,CG10,1.0,1.0
CG10,MG7,0.5,CG10:CG10:MG7,0.0,1.0,0.0,0.0,0.0,0.0,0.0,0.0,0.0,0.0,0.0,0.0,0.0,0.0,0.0,CG10,1.0,1.0
CG10,W9,0.5,CG10:CG10:W9,0.0,1.0,0.0,0.0,1.0,0.0,0.0,0.0,0.0,0.0,0.0,0.0,0.0,0.0,0.0,CG10,2.0,2.0
CG10,CG14,0.5,CG10:CG10:CG14,0.0,1.0,0.0,0.0,1.0,0.0,0.0,0.0,0.0,0.0,0.0,0.0,0.0,0.0,0.0,CG10,2.0,2.0
CG10,MG6,0.5,CG10:CG10:MG6,0.0,1.0,0.0,0.0,0.0,0.0,0.0,0.0,0.0,0.0,0.0,0.0,0.0,0.0,0.0,CG10,1.0,1.0
CG11,CG10,0.5,CG11:CG11:CG10,0.0,0.0,0.0,0.0,0.0,0.0,0.0,0.0,0.0,0.0,0.0,0.0,0.0,0.0,0.0,CG11,0.0,0.0
CG11,CG12,0.5,CG11:CG11:CG12,0.0,0.0,0.0,0.0,0.0,0.0,0.0,0.0,0.0,0.0,0.0,0.0,0.0,0.0,0.0,CG11,0.0,0.0
CG11,CG14,0.5,CG11:CG11:CG14,0.0,1.0,0.0,0.0,1.0,0.0,0.0,0.0,0.0,0.0,0.0,0.0,0.0,0.0,0.0,CG11,2.0,2.0
CG12,U13,0.5,CG12:CG12:U13,0.0,0.0,0.0,0.0,0.0,0.0,0.0,0.0,0.0,0.0,0.0,0.0,0.0,0.0,0.0,CG12,0.0,0.0
CG12,U5,0.5,CG12:CG12:U5,0.0,0.0,0.0,0.0,0.0,0.0,0.0,0.0,0.0,0.0,0.0,0.0,0.0,0.0,0.0,CG12,0.0,0.0
CG12,U6,0.5,CG12:CG12:U6,0.0,0.0,0.0,0.0,0.0,0.0,0.0,0.0,0.0,0.0,0.0,0.0,0.0,0.0,0.0,CG12,0.0,0.0
CG12,M11,0.5,CG12:CG12:M11,0.0,0.0,0.0,0.0,0.0,0.0,0.0,0.0,0.0,0.0,0.0,0.0,0.0,0.0,0.0,CG12,0.0,0.0
CG12,U15,0.5,CG12:CG12:U15,0.0,0.0,0.0,0.0,0.0,0.0,0.0,0.0,0.0,0.0,0.0,0.0,0.0,0.0,0.0,CG12,0.0,0.0
CG12,CG11,0.5,CG12:CG12:CG11,0.0,0.0,0.0,0.0,0.0,0.0,0.0,0.0,0.0,0.0,0.0,0.0,0.0,0.0,0.0,CG12,0.0,0.0
CG12,CG10,0.5,CG12:CG12:CG10,0.0,0.0,0.0,0.0,0.0,0.0,0.0,0.0,0.0,0.0,0.0,0.0,0.0,0.0,0.0,CG12,0.0,0.0
CG12,CG14,0.5,CG12:CG12:CG14,0.0,1.0,0.0,0.0,0.0,0.0,0.0,0.0,0.0,0.0,0.0,0.0,0.0,0.0,0.0,CG12,1.0,1.0
CG13,U5,0.5,CG13:CG13:U5,0.0,0.0,1.0,0.0,0.0,0.0,0.0,0.0,0.0,0.0,0.0,0.0,0.0,0.0,0.0,CG13,0.0,0.0
CG13,H7,0.5,CG13:CG13:H7,0.0,0.0,1.0,0.0,0.0,0.0,0.0,0.0,0.0,0.0,0.0,0.0,0.0,0.0,0.0,CG13,0.0,0.0
CG13,CG10,0.5,CG13:CG13:CG10,0.0,0.0,1.0,0.0,0.0,0.0,0.0,0.0,0.0,0.0,0.0,0.0,0.0,0.0,0.0,CG13,0.0,0.0
CG13,MC10,0.5,CG13:CG13:MC10,0.0,0.0,1.0,0.0,0.0,0.0,0.0,0.0,0.0,0.0,0.0,0.0,0.0,0.0,0.0,CG13,0.0,0.0
CG13,CG11,0.5,CG13:CG13:CG11,0.0,0.0,1.0,0.0,0.0,0.0,0.0,0.0,0.0,0.0,0.0,0.0,0.0,0.0,0.0,CG13,0.0,0.0
CG13,CG9,0.5,CG13:CG13:CG9,0.0,0.0,1.0,0.0,0.0,0.0,0.0,0.0,0.0,0.0,0.0,0.0,0.0,0.0,0.0,CG13,0.0,0.0
CG14,CG12,0.5,CG14:CG14:CG12,0.0,1.0,0.0,0.0,0.0,0.0,0.0,0.0,0.0,0.0,0.0,0.0,0.0,0.0,0.0,CG14,1.0,1.0
CG14,CG11,0.5,CG14:CG14:CG11,0.0,0.0,0.0,0.0,0.0,0.0,0.0,0.0,0.0,0.0,0.0,0.0,0.0,0.0,0.0,CG14,0.0,0.0
CG14,CG10,0.5,CG14:CG14:CG10,0.0,0.0,0.0,0.0,0.0,0.0,0.0,0.0,0.0,0.0,0.0,0.0,0.0,0.0,0.0,CG14,0.0,0.0
CG14,U5,0.5,CG14:CG14:U5,0.0,0.0,0.0,0.0,0.0,0.0,0.0,0.0,0.0,0.0,0.0,0.0,0.0,0.0,0.0,CG14,0.0,0.0
CG14,U6,0.5,CG14:CG14:U6,0.0,0.0,0.0,0.0,0.0,0.0,0.0,0.0,0.0,0.0,0.0,0.0,0.0,0.0,0.0,CG14,0.0,0.0
CG14,U13,0.5,CG14:CG14:U13,0.0,0.0,0.0,0.0,0.0,0.0,0.0,0.0,0.0,0.0,0.0,0.0,0.0,0.0,0.0,CG14,0.0,0.0
CG2,CG1,0.5,CG2:CG2:CG1,0.0,0.0,1.0,0.0,0.0,0.0,0.0,0.0,0.0,0.0,0.0,0.0,0.0,0.0,0.0,CG2,0.0,0.0
CG2,U5,0.5,CG2:CG2:U5,0.0,0.0,1.0,0.0,0.0,0.0,0.0,0.0,0.0,0.0,0.0,0.0,0.0,0.0,0.0,CG2,0.0,0.0
CG2,CG7,0.5,CG2:CG2:CG7,0.0,0.0,1.0,0.0,0.0,1.0,0.0,0.0,0.0,0.0,0.0,0.0,0.0,0.0,0.0,CG2,1.0,1.0
CG2,MC11,0.5,CG2:CG2:MC11,0.0,0.0,1.0,0.0,0.0,0.0,0.0,0.0,0.0,0.0,0.0,0.0,0.0,0.0,0.0,CG2,0.0,0.0
CG2,CG3,0.5,CG2:CG2:CG3,0.0,1.0,1.0,0.0,0.0,0.0,0.0,0.0,0.0,0.0,0.0,0.0,0.0,0.0,0.0,CG2,1.0,1.0
CG2,W21,0.5,CG2:CG2:W21,0.0,0.0,1.0,0.0,0.0,0.0,0.0,0.0,0.0,0.0,0.0,0.0,0.0,0.0,0.0,CG2,0.0,0.0
CG2,MG7,0.5,CG2:CG2:MG7,0.0,0.0,1.0,0.0,0.0,0.0,0.0,0.0,0.0,0.0,0.0,0.0,0.0,0.0,0.0,CG2,0.0,0.0
CG3,CG2,0.5,CG3:CG3:CG2,0.0,1.0,0.0,0.0,0.0,0.0,0.0,0.0,0.0,0.0,0.0,0.0,0.0,0.0,0.0,CG3,1.0,1.0
CG4,CG2,0.5,CG4:CG4:CG2,0.0,1.0,0.0,0.0,0.0,0.0,0.0,0.0,0.0,0.0,0.0,0.0,0.0,0.0,0.0,CG4,1.0,1.0
CG5,CG2,0.5,CG5:CG5:CG2,0.0,0.0,0.0,0.0,0.0,0.0,0.0,0.0,0.0,0.0,0.0,0.0,0.0,0.0,0.0,CG5,0.0,0.0
CG6,CG2,0.5,CG6:CG6:CG2,0.0,0.0,0.0,0.0,0.0,0.0,0.0,0.0,0.0,0.0,0.0,0.0,0.0,0.0,0.0,CG6,0.0,0.0
CG6,CG8,0.5,CG6:CG6:CG8,0.0,0.0,0.0,0.0,0.0,0.0,0.0,0.0,0.0,0.0,0.0,0.0,0.0,0.0,0.0,CG6,0.0,0.0
CG6,CG7,0.5,CG6:CG6:CG7,0.0,0.0,0.0,0.0,0.0,0.0,0.0,0.0,0.0,0.0,0.0,0.0,0.0,0.0,0.0,CG6,0.0,0.0
CG7,CG2,0.5,CG7:CG7:CG2,0.0,1.0,0.0,0.0,0.0,1.0,0.0,0.0,0.0,0.0,0.0,0.0,0.0,0.0,0.0,CG7,2.0,2.0
CG7,U1,0.5,CG7:CG7:U1,0.0,1.0,0.0,0.0,0.0,0.0,0.0,0.0,0.0,0.0,0.0,0.0,0.0,0.0,0.0,CG7,1.0,1.0
CG8,W8,0.5,CG8:CG8:W8,0.0,0.0,0.0,0.0,0.0,0.0,0.0,0.0,0.0,0.0,0.0,0.0,0.0,0.0,0.0,CG8,0.0,0.0
CG9,U5,0.5,CG9:CG9:U5,0.0,0.0,0.0,0.0,0.0,0.0,0.0,0.0,0.0,0.0,0.0,0.0,0.0,0.0,0.0,CG9,0.0,0.0
CG9,CG10,0.5,CG9:CG9:CG10,0.0,0.0,0.0,0.0,0.0,0.0,0.0,0.0,0.0,0.0,0.0,0.0,0.0,0.0,0.0,CG9,0.0,0.0
CG9,H10,0.5,CG9:CG9:H10,0.0,0.0,0.0,0.0,0.0,0.0,0.0,0.0,0.0,0.0,0.0,0.0,0.0,0.0,0.0,CG9,0.0,0.0
CG9,U6,0.5,CG9:CG9:U6,0.0,0.0,0.0,0.0,0.0,0.0,0.0,0.0,0.0,0.0,0.0,0.0,0.0,0.0,0.0,CG9,0.0,0.0
CG9,M18,0.5,CG9:CG9:M18,0.0,0.0,0.0,0.0,0.0,0.0,0.0,0.0,0.0,0.0,0.0,0.0,0.0,0.0,0.0,CG9,0.0,0.0
CG9,M10,0.5,CG9:CG9:M10,0.0,0.0,0.0,0.0,0.0,0.0,0.0,0.0,0.0,0.0,0.0,0.0,0.0,0.0,0.0,CG9,0.0,0.0
CG9,MG5,0.5,CG9:CG9:MG5,0.0,0.0,0.0,0.0,0.0,0.0,1.0,0.0,0.0,0.0,0.0,0.0,0.0,0.0,0.0,CG9,0.0,0.0
CG9,MG3,0.5,CG9:CG9:MG3,0.0,0.0,0.0,0.0,0.0,0.0,1.0,0.0,0.0,0.0,0.0,0.0,0.0,0.0,0.0,CG9,0.0,0.0
CG9,MG2,0.5,CG9:CG9:MG2,0.0,1.0,0.0,0.0,0.0,0.0,0.0,0.0,0.0,0.0,0.0,0.0,0.0,0.0,0.0,CG9,1.0,1.0
CG9,W8,0.5,CG9:CG9:W8,0.0,0.0,0.0,0.0,0.0,0.0,0.0,0.0,0.0,0.0,0.0,0.0,0.0,0.0,0.0,CG9,0.0,0.0
CG9,W9,0.5,CG9:CG9:W9,0.0,0.0,0.0,0.0,0.0,0.0,0.0,0.0,0.0,0.0,0.0,0.0,0.0,0.0,0.0,CG9,0.0,0.0
H1,U5,0.5,H1:H1:U5,0.0,0.0,1.0,0.0,0.0,0.0,0.0,0.0,0.0,0.0,0.0,0.0,0.0,0.0,0.0,H1,0.0,0.0
H1,CG2,0.5,H1:H1:CG2,0.0,0.0,1.0,0.0,0.0,0.0,0.0,0.0,0.0,0.0,0.0,0.0,0.0,0.0,0.0,H1,0.0,0.0
H1,CG7,0.5,H1:H1:CG7,0.0,0.0,1.0,0.0,0.0,0.0,0.0,0.0,0.0,0.0,0.0,0.0,0.0,0.0,0.0,H1,0.0,0.0
H1,W16,0.5,H1:H1:W16,0.0,0.0,1.0,0.0,0.0,0.0,0.0,0.0,0.0,0.0,0.0,0.0,0.0,0.0,0.0,H1,0.0,0.0
H1,U20,0.5,H1:H1:U20,0.0,0.0,1.0,0.0,0.0,0.0,0.0,0.0,0.0,0.0,0.0,0.0,0.0,0.0,0.0,H1,0.0,0.0
H1,W23,0.5,H1:H1:W23,0.0,0.0,1.0,0.0,0.0,0.0,0.0,0.0,0.0,0.0,0.0,0.0,0.0,0.0,0.0,H1,0.0,0.0
H10,M15,0.5,H10:H10:M15,0.0,0.0,1.0,0.0,0.0,0.0,0.0,1.0,0.0,0.0,0.0,0.0,0.0,0.0,0.0,H10,1.0,1.0
H10,M17,0.5,H10:H10:M17,0.0,0.0,1.0,0.0,0.0,0.0,0.0,0.0,0.0,0.0,0.0,0.0,0.0,0.0,0.0,H10,0.0,0.0
H10,M19,0.5,H10:H10:M19,0.0,0.0,1.0,0.0,0.0,0.0,0.0,0.0,0.0,0.0,0.0,0.0,0.0,0.0,0.0,H10,0.0,0.0
H10,H12,0.5,H10:H10:H12,0.0,0.0,1.0,0.0,0.0,0.0,0.0,0.0,0.0,0.0,0.0,0.0,0.0,0.0,0.0,H10,0.0,0.0
H10,H7,0.5,H10:H10:H7,0.0,0.0,1.0,0.0,0.0,0.0,0.0,0.0,0.0,0.0,0.0,0.0,0.0,0.0,0.0,H10,0.0,0.0
H10,H11,0.5,H10:H10:H11,0.0,0.0,1.0,0.0,0.0,0.0,0.0,0.0,0.0,0.0,0.0,0.0,0.0,0.0,0.0,H10,0.0,0.0
H10,U5,0.5,H10:H10:U5,0.0,1.0,1.0,0.0,0.0,0.0,0.0,1.0,0.0,0.0,0.0,0.0,0.0,0.0,0.0,H10,2.0,2.0
H10,U4,0.5,H10:H10:U4,0.0,1.0,1.0,0.0,0.0,0.0,0.0,0.0,0.0,0.0,0.0,0.0,0.0,0.0,0.0,H10,1.0,1.0
H10,CG10,0.5,H10:H10:CG10,0.0,1.0,1.0,0.0,0.0,0.0,0.0,0.0,0.0,0.0,0.0,0.0,0.0,0.0,0.0,H10,1.0,1.0
H10,W17,0.5,H10:H10:W17,0.0,0.0,1.0,0.0,0.0,0.0,0.0,0.0,0.0,0.0,0.0,0.0,0.0,0.0,0.0,H10,0.0,0.0
H10,W11,0.5,H10:H10:W11,0.0,0.0,1.0,0.0,0.0,0.0,0.0,0.0,0.0,0.0,0.0,0.0,0.0,0.0,0.0,H10,0.0,0.0
H10,W18,0.5,H10:H10:W18,0.0,0.0,1.0,0.0,0.0,0.0,0.0,0.0,0.0,0.0,0.0,0.0,0.0,0.0,0.0,H10,0.0,0.0
H11,SD12,0.5,H11:H11:SD12,0.0,0.0,1.0,0.0,0.0,0.0,0.0,0.0,0.0,0.0,0.0,0.0,0.0,0.0,0.0,H11,0.0,0.0
H11,SD8,0.5,H11:H11:SD8,0.0,0.0,1.0,0.0,0.0,0.0,0.0,0.0,0.0,0.0,0.0,0.0,0.0,0.0,0.0,H11,0.0,0.0
H11,SD7,0.5,H11:H11:SD7,0.0,0.0,1.0,0.0,0.0,0.0,0.0,0.0,0.0,0.0,0.0,0.0,0.0,0.0,0.0,H11,0.0,0.0
H11,SD16,0.5,H11:H11:SD16,0.0,0.0,1.0,0.0,0.0,0.0,0.0,0.0,0.0,0.0,0.0,0.0,0.0,0.0,0.0,H11,0.0,0.0
H11,U5,0.5,H11:H11:U5,0.0,0.0,1.0,0.0,0.0,0.0,0.0,0.0,0.0,0.0,0.0,0.0,0.0,0.0,0.0,H11,0.0,0.0
H11,W23,0.5,H11:H11:W23,0.0,0.0,1.0,0.0,0.0,0.0,0.0,0.0,0.0,0.0,0.0,0.0,0.0,0.0,0.0,H11,0.0,0.0
H11,U20,0.5,H11:H11:U20,0.0,0.0,1.0,0.0,0.0,0.0,0.0,0.0,0.0,0.0,0.0,0.0,0.0,0.0,0.0,H11,0.0,0.0
H12,U6,0.5,H12:H12:U6,0.0,0.0,0.0,0.0,0.0,0.0,0.0,0.0,0.0,0.0,0.0,0.0,0.0,0.0,0.0,H12,0.0,0.0
H12,M18,0.5,H12:H12:M18,0.0,0.0,0.0,0.0,0.0,0.0,0.0,0.0,0.0,0.0,0.0,0.0,0.0,0.0,0.0,H12,0.0,0.0
H12,M19,0.5,H12:H12:M19,0.0,0.0,0.0,0.0,0.0,0.0,0.0,0.0,0.0,0.0,0.0,0.0,0.0,0.0,0.0,H12,0.0,0.0
H12,H10,0.5,H12:H12:H10,0.0,0.0,0.0,0.0,0.0,0.0,0.0,0.0,0.0,0.0,0.0,0.0,0.0,0.0,0.0,H12,0.0,0.0
H12,M15,0.5,H12:H12:M15,0.0,0.0,0.0,0.0,0.0,0.0,0.0,0.0,0.0,0.0,0.0,0.0,0.0,0.0,0.0,H12,0.0,0.0
H12,M17,0.5,H12:H12:M17,0.0,0.0,0.0,0.0,0.0,0.0,0.0,0.0,0.0,0.0,0.0,0.0,0.0,0.0,0.0,H12,0.0,0.0
H12,H22,0.5,H12:H12:H22,0.0,0.0,0.0,0.0,0.0,0.0,0.0,0.0,0.0,0.0,0.0,0.0,0.0,0.0,0.0,H12,0.0,0.0
H12,H13,0.5,H12:H12:H13,0.0,0.0,0.0,0.0,0.0,0.0,0.0,0.0,0.0,0.0,0.0,0.0,0.0,0.0,0.0,H12,0.0,0.0
H12,U5,0.5,H12:H12:U5,0.0,1.0,0.0,0.0,0.0,0.0,0.0,0.0,0.0,0.0,0.0,0.0,0.0,0.0,0.0,H12,1.0,1.0
H12,U4,0.5,H12:H12:U4,0.0,0.0,0.0,0.0,0.0,0.0,0.0,0.0,0.0,0.0,0.0,0.0,0.0,0.0,0.0,H12,0.0,0.0
H12,H19,0.5,H12:H12:H19,0.0,0.0,0.0,0.0,0.0,0.0,0.0,0.0,0.0,0.0,0.0,0.0,0.0,0.0,0.0,H12,0.0,0.0
H12,U20,0.5,H12:H12:U20,0.0,0.0,0.0,0.0,0.0,0.0,0.0,0.0,0.0,0.0,0.0,0.0,0.0,0.0,0.0,H12,0.0,0.0
H12,W18,0.5,H12:H12:W18,0.0,0.0,0.0,0.0,0.0,0.0,0.0,0.0,0.0,0.0,0.0,0.0,0.0,0.0,0.0,H12,0.0,0.0
H12,W17,0.5,H12:H12:W17,0.0,0.0,0.0,0.0,0.0,0.0,0.0,0.0,0.0,0.0,0.0,0.0,0.0,0.0,0.0,H12,0.0,0.0
H12,W11,0.5,H12:H12:W11,0.0,0.0,0.0,0.0,0.0,0.0,0.0,0.0,0.0,0.0,0.0,0.0,0.0,0.0,0.0,H12,0.0,0.0
H13,W18,0.5,H13:H13:W18,0.0,0.0,0.0,0.0,0.0,0.0,0.0,1.0,1.0,0.0,0.0,0.0,0.0,0.0,0.0,H13,2.0,2.0
H13,H12,0.5,H13:H13:H12,0.0,0.0,0.0,0.0,0.0,0.0,0.0,1.0,1.0,0.0,0.0,0.0,0.0,0.0,0.0,H13,2.0,2.0
H13,U9,0.5,H13:H13:U9,0.0,0.0,0.0,0.0,0.0,0.0,0.0,0.0,0.0,0.0,0.0,0.0,0.0,0.0,0.0,H13,0.0,0.0
H13,H19,0.5,H13:H13:H19,0.0,0.0,0.0,0.0,0.0,0.0,0.0,0.0,0.0,0.0,0.0,0.0,0.0,0.0,0.0,H13,0.0,0.0
H13,U7,0.5,H13:H13:U7,0.0,0.0,0.0,0.0,0.0,0.0,0.0,0.0,0.0,0.0,0.0,0.0,0.0,0.0,0.0,H13,0.0,0.0
H13,H22,0.5,H13:H13:H22,0.0,0.0,0.0,0.0,0.0,0.0,0.0,0.0,0.0,0.0,0.0,0.0,0.0,0.0,0.0,H13,0.0,0.0
H13,U10,0.5,H13:H13:U10,0.0,0.0,0.0,0.0,0.0,0.0,0.0,0.0,0.0,0.0,0.0,0.0,0.0,0.0,0.0,H13,0.0,0.0
H13,H14,0.5,H13:H13:H14,0.0,0.0,0.0,0.0,0.0,0.0,0.0,0.0,0.0,0.0,0.0,0.0,0.0,0.0,0.0,H13,0.0,0.0
H13,H21,0.5,H13:H13:H21,0.0,0.0,0.0,0.0,0.0,0.0,0.0,0.0,0.0,0.0,0.0,0.0,0.0,0.0,0.0,H13,0.0,0.0
H13,H10,0.5,H13:H13:H10,0.0,0.0,0.0,0.0,0.0,0.0,0.0,0.0,0.0,0.0,0.0,0.0,0.0,0.0,0.0,H13,0.0,0.0
H14,H10,0.5,H14:H14:H10,0.0,0.0,0.0,0.0,0.0,0.0,0.0,0.0,0.0,0.0,0.0,0.0,0.0,0.0,0.0,H14,0.0,0.0
H14,M15,0.5,H14:H14:M15,0.0,0.0,0.0,0.0,0.0,0.0,0.0,0.0,0.0,0.0,0.0,0.0,0.0,0.0,0.0,H14,0.0,0.0
H14,M17,0.5,H14:H14:M17,0.0,0.0,0.0,0.0,0.0,0.0,0.0,0.0,0.0,0.0,0.0,0.0,0.0,0.0,0.0,H14,0.0,0.0
H14,H15,0.5,H14:H14:H15,0.0,0.0,0.0,0.0,0.0,0.0,0.0,1.0,0.0,0.0,0.0,0.0,0.0,0.0,0.0,H14,1.0,1.0
H14,H21,0.5,H14:H14:H21,0.0,0.0,0.0,0.0,0.0,0.0,0.0,0.0,0.0,0.0,0.0,0.0,0.0,0.0,0.0,H14,0.0,0.0
H14,U10,0.5,H14:H14:U10,0.0,0.0,0.0,0.0,0.0,0.0,0.0,0.0,0.0,0.0,0.0,0.0,0.0,0.0,0.0,H14,0.0,0.0
H14,M19,0.5,H14:H14:M19,0.0,0.0,0.0,0.0,0.0,0.0,0.0,0.0,0.0,0.0,0.0,0.0,0.0,0.0,0.0,H14,0.0,0.0
H14,H20,0.5,H14:H14:H20,0.0,0.0,0.0,0.0,0.0,0.0,0.0,0.0,0.0,0.0,0.0,0.0,0.0,0.0,0.0,H14,0.0,0.0
H14,H22,0.5,H14:H14:H22,0.0,0.0,0.0,0.0,0.0,0.0,0.0,0.0,0.0,0.0,0.0,0.0,0.0,0.0,0.0,H14,0.0,0.0
H14,U7,0.5,H14:H14:U7,0.0,0.0,0.0,0.0,0.0,0.0,0.0,0.0,0.0,0.0,0.0,0.0,0.0,0.0,0.0,H14,0.0,0.0
H14,H13,0.5,H14:H14:H13,0.0,0.0,0.0,0.0,0.0,0.0,0.0,0.0,0.0,0.0,0.0,0.0,0.0,0.0,0.0,H14,0.0,0.0
H15,H10,0.5,H15:H15:H10,0.0,0.0,0.0,0.0,0.0,0.0,0.0,0.0,0.0,0.0,0.0,0.0,0.0,0.0,0.0,H15,0.0,0.0
H15,H21,0.5,H15:H15:H21,0.0,0.0,0.0,0.0,0.0,0.0,0.0,0.0,0.0,0.0,0.0,0.0,0.0,0.0,0.0,H15,0.0,0.0
H15,M15,0.5,H15:H15:M15,0.0,0.0,0.0,0.0,0.0,0.0,0.0,0.0,0.0,0.0,0.0,0.0,0.0,0.0,0.0,H15,0.0,0.0
H15,H14,0.5,H15:H15:H14,0.0,0.0,0.0,0.0,0.0,0.0,0.0,0.0,0.0,0.0,0.0,0.0,0.0,0.0,0.0,H15,0.0,0.0
H15,U10,0.5,H15:H15:U10,0.0,0.0,0.0,0.0,0.0,0.0,0.0,0.0,0.0,0.0,0.0,0.0,0.0,0.0,0.0,H15,0.0,0.0
H15,H20,0.5,H15:H15:H20,0.0,0.0,0.0,0.0,0.0,0.0,0.0,0.0,0.0,0.0,0.0,0.0,0.0,0.0,0.0,H15,0.0,0.0
H15,U7,0.5,H15:H15:U7,0.0,0.0,0.0,0.0,0.0,0.0,0.0,0.0,0.0,0.0,0.0,0.0,0.0,0.0,0.0,H15,0.0,0.0
H15,U13,0.5,H15:H15:U13,0.0,0.0,0.0,0.0,0.0,0.0,0.0,0.0,0.0,0.0,0.0,0.0,0.0,0.0,0.0,H15,0.0,0.0
H15,U4,0.5,H15:H15:U4,0.0,0.0,0.0,0.0,0.0,0.0,0.0,0.0,0.0,0.0,0.0,0.0,0.0,0.0,0.0,H15,0.0,0.0
H15,U5,0.5,H15:H15:U5,0.0,0.0,0.0,0.0,0.0,0.0,0.0,0.0,0.0,0.0,0.0,0.0,0.0,0.0,0.0,H15,0.0,0.0
H15,CG10,0.5,H15:H15:CG10,0.0,0.0,0.0,0.0,0.0,0.0,0.0,0.0,0.0,0.0,0.0,0.0,0.0,0.0,0.0,H15,0.0,0.0
H15,CG11,0.5,H15:H15:CG11,0.0,0.0,0.0,0.0,0.0,0.0,0.0,0.0,0.0,0.0,0.0,0.0,0.0,0.0,0.0,H15,0.0,0.0
H16,W18,0.5,H16:H16:W18,0.0,0.0,0.0,0.0,0.0,0.0,0.0,0.0,0.0,0.0,0.0,0.0,0.0,0.0,0.0,H16,0.0,0.0
H16,W11,0.5,H16:H16:W11,0.0,0.0,0.0,0.0,0.0,0.0,0.0,0.0,0.0,0.0,0.0,0.0,0.0,0.0,0.0,H16,0.0,0.0
H16,H12,0.5,H16:H16:H12,0.0,0.0,0.0,0.0,0.0,0.0,0.0,0.0,0.0,0.0,0.0,0.0,0.0,0.0,0.0,H16,0.0,0.0
H16,W17,0.5,H16:H16:W17,0.0,0.0,0.0,0.0,0.0,1.0,0.0,0.0,0.0,0.0,0.0,0.0,0.0,0.0,0.0,H16,1.0,1.0
H16,H13,0.5,H16:H16:H13,0.0,0.0,0.0,0.0,0.0,0.0,0.0,0.0,0.0,0.0,0.0,0.0,0.0,0.0,0.0,H16,0.0,0.0
H16,U9,0.5,H16:H16:U9,0.0,0.0,0.0,0.0,0.0,0.0,0.0,0.0,0.0,0.0,0.0,0.0,0.0,0.0,0.0,H16,0.0,0.0
H16,H22,0.5,H16:H16:H22,0.0,0.0,0.0,0.0,0.0,0.0,0.0,0.0,0.0,0.0,0.0,0.0,0.0,0.0,0.0,H16,0.0,0.0
H16,M19,0.5,H16:H16:M19,0.0,0.0,0.0,0.0,0.0,0.0,0.0,0.0,0.0,0.0,0.0,0.0,0.0,0.0,0.0,H16,0.0,0.0
H17,H21,0.5,H17:H17:H21,0.0,0.0,0.0,0.0,0.0,0.0,0.0,0.0,0.0,0.0,0.0,0.0,0.0,0.0,0.0,H17,0.0,0.0
H17,W18,0.5,H17:H17:W18,0.0,0.0,0.0,0.0,0.0,0.0,0.0,0.0,0.0,0.0,0.0,0.0,0.0,0.0,0.0,H17,0.0,0.0
H17,M15,0.5,H17:H17:M15,0.0,0.0,0.0,0.0,0.0,0.0,0.0,0.0,0.0,0.0,0.0,0.0,0.0,0.0,0.0,H17,0.0,0.0
H17,M17,0.5,H17:H17:M17,0.0,0.0,0.0,0.0,0.0,0.0,0.0,0.0,0.0,0.0,0.0,0.0,0.0,0.0,0.0,H17,0.0,0.0
H17,H15,0.5,H17:H17:H15,0.0,0.0,0.0,0.0,0.0,0.0,0.0,0.0,0.0,0.0,0.0,0.0,0.0,0.0,0.0,H17,0.0,0.0
H17,U7,0.5,H17:H17:U7,0.0,0.0,0.0,0.0,0.0,0.0,0.0,0.0,0.0,0.0,0.0,0.0,0.0,0.0,0.0,H17,0.0,0.0
H17,U10,0.5,H17:H17:U10,0.0,0.0,0.0,0.0,0.0,0.0,0.0,0.0,0.0,0.0,0.0,0.0,0.0,0.0,0.0,H17,0.0,0.0
H17,M19,0.5,H17:H17:M19,0.0,0.0,0.0,0.0,0.0,0.0,0.0,0.0,0.0,0.0,0.0,0.0,0.0,0.0,0.0,H17,0.0,0.0
H17,H14,0.5,H17:H17:H14,0.0,0.0,0.0,0.0,0.0,0.0,0.0,0.0,0.0,0.0,0.0,0.0,0.0,0.0,0.0,H17,0.0,0.0
H17,H13,0.5,H17:H17:H13,0.0,0.0,0.0,0.0,0.0,0.0,0.0,0.0,0.0,0.0,0.0,0.0,0.0,0.0,0.0,H17,0.0,0.0
H17,U5,0.5,H17:H17:U5,0.0,0.0,0.0,0.0,0.0,0.0,0.0,0.0,0.0,0.0,0.0,0.0,0.0,0.0,0.0,H17,0.0,0.0
H17,U4,0.5,H17:H17:U4,0.0,0.0,0.0,0.0,0.0,0.0,0.0,0.0,0.0,0.0,0.0,0.0,0.0,0.0,0.0,H17,0.0,0.0
H18,W17,0.5,H18:H18:W17,0.0,0.0,0.0,0.0,0.0,0.0,0.0,0.0,0.0,0.0,0.0,0.0,0.0,0.0,0.0,H18,0.0,0.0
H18,W18,0.5,H18:H18:W18,0.0,0.0,0.0,0.0,0.0,0.0,0.0,0.0,0.0,0.0,0.0,0.0,0.0,0.0,0.0,H18,0.0,0.0
H18,U16,0.5,H18:H18:U16,0.0,0.0,0.0,0.0,0.0,0.0,0.0,0.0,0.0,0.0,0.0,0.0,0.0,0.0,0.0,H18,0.0,0.0
H18,W11,0.5,H18:H18:W11,0.0,0.0,0.0,0.0,0.0,0.0,0.0,0.0,0.0,0.0,0.0,0.0,0.0,0.0,0.0,H18,0.0,0.0
H18,H12,0.5,H18:H18:H12,0.0,0.0,0.0,0.0,0.0,0.0,0.0,0.0,0.0,0.0,0.0,0.0,0.0,0.0,0.0,H18,0.0,0.0
H18,H9,0.5,H18:H18:H9,0.0,0.0,0.0,0.0,0.0,0.0,0.0,0.0,0.0,0.0,0.0,0.0,0.0,0.0,0.0,H18,0.0,0.0
H18,U5,0.5,H18:H18:U5,0.0,0.0,0.0,0.0,0.0,0.0,0.0,0.0,0.0,0.0,0.0,0.0,0.0,0.0,0.0,H18,0.0,0.0
H18,CG10,0.5,H18:H18:CG10,0.0,0.0,0.0,0.0,0.0,0.0,0.0,0.0,0.0,0.0,0.0,0.0,0.0,0.0,0.0,H18,0.0,0.0
H18,CG11,0.5,H18:H18:CG11,0.0,0.0,0.0,0.0,0.0,0.0,0.0,0.0,0.0,0.0,0.0,0.0,0.0,0.0,0.0,H18,0.0,0.0
H18,H13,0.5,H18:H18:H13,0.0,0.0,0.0,0.0,0.0,0.0,0.0,0.0,0.0,0.0,0.0,0.0,0.0,0.0,0.0,H18,0.0,0.0
H18,U7,0.5,H18:H18:U7,0.0,0.0,0.0,0.0,0.0,0.0,0.0,0.0,0.0,0.0,0.0,0.0,0.0,0.0,0.0,H18,0.0,0.0
H18,H22,0.5,H18:H18:H22,0.0,0.0,0.0,0.0,0.0,0.0,0.0,0.0,0.0,0.0,0.0,0.0,0.0,0.0,0.0,H18,0.0,0.0
H18,H19,0.5,H18:H18:H19,0.0,0.0,0.0,0.0,0.0,0.0,0.0,0.0,0.0,0.0,0.0,0.0,0.0,0.0,0.0,H18,0.0,0.0
H18,U9,0.5,H18:H18:U9,0.0,0.0,0.0,0.0,0.0,0.0,0.0,0.0,0.0,0.0,0.0,0.0,0.0,0.0,0.0,H18,0.0,0.0
H18,U10,0.5,H18:H18:U10,0.0,0.0,0.0,0.0,0.0,0.0,0.0,0.0,0.0,0.0,0.0,0.0,0.0,0.0,0.0,H18,0.0,0.0
H18,H20,0.5,H18:H18:H20,0.0,0.0,0.0,0.0,0.0,0.0,0.0,0.0,0.0,0.0,0.0,0.0,0.0,0.0,0.0,H18,0.0,0.0
H18,H21,0.5,H18:H18:H21,0.0,0.0,0.0,0.0,0.0,0.0,0.0,0.0,0.0,0.0,0.0,0.0,0.0,0.0,0.0,H18,0.0,0.0
H18,U13,0.5,H18:H18:U13,0.0,0.0,0.0,0.0,0.0,0.0,0.0,0.0,0.0,0.0,0.0,0.0,0.0,0.0,0.0,H18,0.0,0.0
H18,H14,0.5,H18:H18:H14,0.0,0.0,0.0,0.0,0.0,0.0,0.0,0.0,0.0,0.0,0.0,0.0,0.0,0.0,0.0,H18,0.0,0.0
H19,H12,0.5,H19:H19:H12,0.0,1.0,0.0,0.0,0.0,0.0,0.0,0.0,0.0,0.0,0.0,0.0,0.0,0.0,0.0,H19,1.0,1.0
H19,W18,0.5,H19:H19:W18,0.0,0.0,0.0,0.0,0.0,0.0,0.0,0.0,0.0,0.0,0.0,0.0,0.0,0.0,0.0,H19,0.0,0.0
H19,H13,0.5,H19:H19:H13,0.0,0.0,0.0,0.0,0.0,0.0,0.0,0.0,0.0,0.0,0.0,0.0,0.0,0.0,0.0,H19,0.0,0.0
H19,H18,0.5,H19:H19:H18,0.0,0.0,0.0,0.0,0.0,0.0,0.0,0.0,0.0,0.0,0.0,0.0,0.0,0.0,0.0,H19,0.0,0.0
H19,U7,0.5,H19:H19:U7,0.0,0.0,0.0,0.0,0.0,0.0,0.0,0.0,0.0,0.0,0.0,0.0,0.0,0.0,0.0,H19,0.0,0.0
H19,U9,0.5,H19:H19:U9,0.0,0.0,0.0,0.0,0.0,0.0,0.0,0.0,0.0,0.0,0.0,0.0,0.0,0.0,0.0,H19,0.0,0.0
H19,U10,0.5,H19:H19:U10,0.0,0.0,0.0,0.0,0.0,0.0,0.0,0.0,0.0,0.0,0.0,0.0,0.0,0.0,0.0,H19,0.0,0.0
H19,SD8,0.5,H19:H19:SD8,0.0,0.0,0.0,0.0,0.0,0.0,0.0,0.0,0.0,0.0,0.0,0.0,0.0,0.0,0.0,H19,0.0,0.0
H19,CG11,0.5,H19:H19:CG11,0.0,1.0,0.0,0.0,0.0,0.0,0.0,0.0,0.0,0.0,0.0,0.0,0.0,0.0,0.0,H19,1.0,1.0
H19,H20,0.5,H19:H19:H20,0.0,0.0,0.0,0.0,0.0,0.0,0.0,0.0,0.0,0.0,0.0,0.0,0.0,0.0,0.0,H19,0.0,0.0
H19,H22,0.5,H19:H19:H22,0.0,0.0,0.0,0.0,0.0,0.0,0.0,0.0,0.0,0.0,0.0,0.0,0.0,0.0,0.0,H19,0.0,0.0
H2,H8,0.5,H2:H2:H8,0.0,0.0,1.0,0.0,0.0,0.0,0.0,0.0,0.0,0.0,0.0,0.0,0.0,0.0,0.0,H2,0.0,0.0
H2,H3,0.5,H2:H2:H3,0.0,0.0,1.0,1.0,0.0,0.0,0.0,0.0,0.0,0.0,0.0,0.0,0.0,0.0,0.0,H2,1.0,1.0
H2,M21,0.5,H2:H2:M21,0.0,0.0,1.0,0.0,0.0,0.0,0.0,0.0,0.0,0.0,0.0,0.0,0.0,0.0,0.0,H2,0.0,0.0
H2,U20,0.5,H2:H2:U20,0.0,0.0,1.0,0.0,0.0,0.0,0.0,0.0,0.0,0.0,0.0,0.0,0.0,0.0,0.0,H2,0.0,0.0
H2,W23,0.5,H2:H2:W23,0.0,0.0,1.0,0.0,0.0,0.0,0.0,0.0,0.0,0.0,0.0,0.0,0.0,0.0,0.0,H2,0.0,0.0
H2,U5,0.5,H2:H2:U5,0.0,1.0,1.0,0.0,0.0,0.0,0.0,1.0,0.0,0.0,0.0,0.0,0.0,0.0,0.0,H2,2.0,2.0
H2,W16,0.5,H2:H2:W16,0.0,0.0,1.0,0.0,0.0,0.0,0.0,0.0,0.0,0.0,0.0,0.0,0.0,0.0,0.0,H2,0.0,0.0
H2,W15,0.5,H2:H2:W15,0.0,0.0,1.0,0.0,0.0,0.0,0.0,0.0,0.0,0.0,0.0,0.0,0.0,0.0,0.0,H2,0.0,0.0
H20,U10,0.5,H20:H20:U10,0.0,0.0,0.0,0.0,0.0,0.0,0.0,0.0,0.0,0.0,0.0,0.0,0.0,0.0,0.0,H20,0.0,0.0
H20,H18,0.5,H20:H20:H18,0.0,0.0,0.0,0.0,0.0,0.0,0.0,0.0,0.0,0.0,0.0,0.0,0.0,0.0,0.0,H20,0.0,0.0
H20,H21,0.5,H20:H20:H21,0.0,0.0,0.0,0.0,0.0,0.0,0.0,0.0,0.0,0.0,0.0,0.0,0.0,0.0,0.0,H20,0.0,0.0
H20,H14,0.5,H20:H20:H14,0.0,0.0,0.0,0.0,0.0,0.0,0.0,0.0,0.0,0.0,0.0,0.0,0.0,0.0,0.0,H20,0.0,0.0
H20,U7,0.5,H20:H20:U7,0.0,0.0,0.0,0.0,0.0,0.0,0.0,0.0,0.0,0.0,0.0,0.0,0.0,0.0,0.0,H20,0.0,0.0
H20,U13,0.5,H20:H20:U13,0.0,0.0,0.0,0.0,0.0,0.0,0.0,0.0,0.0,0.0,0.0,0.0,0.0,0.0,0.0,H20,0.0,0.0
H21,M19,0.5,H21:H21:M19,0.0,0.0,0.0,0.0,0.0,0.0,0.0,0.0,0.0,0.0,0.0,0.0,0.0,0.0,0.0,H21,0.0,0.0
H21,M15,0.5,H21:H21:M15,0.0,1.0,0.0,0.0,0.0,0.0,0.0,0.0,0.0,0.0,0.0,0.0,0.0,0.0,0.0,H21,1.0,1.0
H21,H10,0.5,H21:H21:H10,0.0,1.0,0.0,0.0,0.0,0.0,0.0,0.0,0.0,0.0,0.0,0.0,0.0,0.0,0.0,H21,1.0,1.0
H21,H20,0.5,H21:H21:H20,0.0,0.0,0.0,0.0,0.0,0.0,0.0,0.0,0.0,0.0,0.0,0.0,0.0,0.0,0.0,H21,0.0,0.0
H21,U17,0.5,H21:H21:U17,0.0,0.0,0.0,0.0,0.0,0.0,0.0,0.0,0.0,0.0,0.0,0.0,0.0,0.0,0.0,H21,0.0,0.0
H21,H18,0.5,H21:H21:H18,0.0,1.0,0.0,0.0,0.0,0.0,0.0,0.0,0.0,0.0,0.0,0.0,0.0,0.0,0.0,H21,1.0,1.0
H21,H22,0.5,H21:H21:H22,0.0,0.0,0.0,0.0,0.0,0.0,0.0,0.0,0.0,0.0,0.0,0.0,0.0,0.0,0.0,H21,0.0,0.0
H21,U7,0.5,H21:H21:U7,0.0,0.0,0.0,0.0,0.0,0.0,0.0,0.0,0.0,0.0,0.0,0.0,0.0,0.0,0.0,H21,0.0,0.0
H21,H15,0.5,H21:H21:H15,0.0,0.0,0.0,0.0,0.0,0.0,0.0,0.0,0.0,0.0,0.0,0.0,0.0,0.0,0.0,H21,0.0,0.0
H21,H14,0.5,H21:H21:H14,0.0,0.0,0.0,0.0,0.0,0.0,0.0,0.0,0.0,0.0,0.0,0.0,0.0,0.0,0.0,H21,0.0,0.0
H21,U5,0.5,H21:H21:U5,0.0,1.0,0.0,0.0,0.0,0.0,0.0,0.0,0.0,0.0,0.0,0.0,0.0,0.0,0.0,H21,1.0,1.0
H21,W18,0.5,H21:H21:W18,0.0,0.0,0.0,0.0,0.0,0.0,0.0,0.0,0.0,0.0,0.0,0.0,0.0,0.0,0.0,H21,0.0,0.0
H22,H18,0.5,H22:H22:H18,0.0,1.0,0.0,0.0,0.0,0.0,0.0,1.0,0.0,0.0,0.0,0.0,0.0,0.0,0.0,H22,2.0,2.0
H22,H21,0.5,H22:H22:H21,0.0,0.0,0.0,0.0,0.0,0.0,0.0,0.0,0.0,0.0,0.0,0.0,0.0,0.0,0.0,H22,0.0,0.0
H22,M17,0.5,H22:H22:M17,0.0,0.0,0.0,0.0,0.0,0.0,0.0,0.0,0.0,0.0,0.0,0.0,0.0,0.0,0.0,H22,0.0,0.0
H22,M15,0.5,H22:H22:M15,0.0,0.0,0.0,0.0,0.0,0.0,0.0,0.0,0.0,0.0,0.0,0.0,0.0,0.0,0.0,H22,0.0,0.0
H22,H20,0.5,H22:H22:H20,0.0,0.0,0.0,0.0,0.0,0.0,0.0,0.0,0.0,0.0,0.0,0.0,0.0,0.0,0.0,H22,0.0,0.0
H22,H10,0.5,H22:H22:H10,0.0,0.0,0.0,0.0,0.0,0.0,0.0,0.0,0.0,0.0,0.0,0.0,0.0,0.0,0.0,H22,0.0,0.0
H22,U10,0.5,H22:H22:U10,0.0,0.0,0.0,0.0,0.0,0.0,0.0,0.0,0.0,0.0,0.0,0.0,0.0,0.0,0.0,H22,0.0,0.0
H22,U16,0.5,H22:H22:U16,0.0,0.0,0.0,0.0,0.0,0.0,0.0,0.0,0.0,0.0,0.0,0.0,0.0,0.0,0.0,H22,0.0,0.0
H22,H14,0.5,H22:H22:H14,0.0,0.0,0.0,0.0,0.0,0.0,0.0,0.0,0.0,0.0,0.0,0.0,0.0,0.0,0.0,H22,0.0,0.0
H22,H19,0.5,H22:H22:H19,0.0,0.0,0.0,0.0,0.0,0.0,0.0,0.0,0.0,0.0,0.0,0.0,0.0,0.0,0.0,H22,0.0,0.0
H22,H13,0.5,H22:H22:H13,0.0,0.0,0.0,0.0,0.0,0.0,0.0,0.0,0.0,0.0,0.0,0.0,0.0,0.0,0.0,H22,0.0,0.0
H22,H12,0.5,H22:H22:H12,0.0,0.0,0.0,0.0,0.0,0.0,0.0,0.0,0.0,0.0,0.0,0.0,0.0,0.0,0.0,H22,0.0,0.0
H22,U7,0.5,H22:H22:U7,0.0,0.0,0.0,0.0,0.0,0.0,0.0,0.0,0.0,0.0,0.0,0.0,0.0,0.0,0.0,H22,0.0,0.0
H22,U5,0.5,H22:H22:U5,0.0,1.0,0.0,0.0,0.0,0.0,0.0,1.0,0.0,0.0,0.0,0.0,0.0,0.0,0.0,H22,2.0,2.0
H3,H2,0.5,H3:H3:H2,0.0,1.0,1.0,0.0,0.0,0.0,0.0,1.0,0.0,0.0,0.0,0.0,0.0,0.0,0.0,H3,2.0,2.0
H3,H8,0.5,H3:H3:H8,0.0,1.0,1.0,0.0,0.0,0.0,0.0,1.0,0.0,0.0,0.0,0.0,0.0,0.0,0.0,H3,2.0,2.0
H3,M21,0.5,H3:H3:M21,0.0,0.0,1.0,0.0,0.0,0.0,0.0,0.0,0.0,0.0,0.0,0.0,0.0,0.0,0.0,H3,0.0,0.0
H3,W23,0.5,H3:H3:W23,0.0,0.0,1.0,0.0,0.0,0.0,0.0,0.0,0.0,0.0,0.0,0.0,0.0,0.0,0.0,H3,0.0,0.0
H3,W4,0.5,H3:H3:W4,0.0,0.0,1.0,0.0,0.0,0.0,0.0,0.0,0.0,0.0,0.0,0.0,0.0,0.0,0.0,H3,0.0,0.0
H4,H2,0.5,H4:H4:H2,0.0,0.0,1.0,0.0,0.0,0.0,0.0,0.0,0.0,0.0,0.0,0.0,0.0,0.0,0.0,H4,0.0,0.0
H4,H8,0.5,H4:H4:H8,0.0,0.0,1.0,0.0,0.0,0.0,0.0,0.0,0.0,0.0,0.0,0.0,0.0,0.0,0.0,H4,0.0,0.0
H4,M21,0.5,H4:H4:M21,0.0,0.0,1.0,0.0,0.0,0.0,0.0,0.0,0.0,0.0,0.0,0.0,0.0,0.0,0.0,H4,0.0,0.0
H4,M14,0.5,H4:H4:M14,0.0,0.0,1.0,0.0,0.0,0.0,0.0,0.0,0.0,0.0,0.0,0.0,0.0,0.0,0.0,H4,0.0,0.0
H4,W23,0.5,H4:H4:W23,0.0,0.0,1.0,0.0,0.0,0.0,0.0,0.0,0.0,0.0,0.0,0.0,0.0,0.0,0.0,H4,0.0,0.0
H4,M15,0.5,H4:H4:M15,0.0,0.0,1.0,0.0,0.0,0.0,1.0,0.0,0.0,0.0,0.0,0.0,0.0,0.0,0.0,H4,0.0,0.0
H4,M17,0.5,H4:H4:M17,0.0,0.0,1.0,0.0,0.0,0.0,1.0,0.0,0.0,0.0,0.0,0.0,0.0,0.0,0.0,H4,0.0,0.0
H4,U4,0.5,H4:H4:U4,0.0,0.0,1.0,0.0,0.0,0.0,0.0,0.0,0.0,0.0,0.0,0.0,0.0,0.0,0.0,H4,0.0,0.0
H4,MG6,0.5,H4:H4:MG6,0.0,0.0,1.0,0.0,0.0,0.0,1.0,0.0,0.0,0.0,0.0,0.0,0.0,0.0,0.0,H4,0.0,0.0
H4,W4,0.5,H4:H4:W4,0.0,0.0,1.0,0.0,0.0,0.0,0.0,0.0,0.0,0.0,0.0,0.0,0.0,0.0,0.0,H4,0.0,0.0
H5,S25,0.5,H5:H5:S25,1.0,0.0,1.0,0.0,0.0,0.0,0.0,0.0,0.0,0.0,0.0,0.0,0.0,0.0,0.0,H5,1.0,1.0
H5,M25,0.5,H5:H5:M25,0.0,0.0,1.0,0.0,0.0,0.0,0.0,0.0,0.0,0.0,0.0,0.0,0.0,0.0,0.0,H5,0.0,0.0
H5,W1,0.5,H5:H5:W1,0.0,0.0,1.0,0.0,0.0,0.0,0.0,1.0,0.0,0.0,0.0,0.0,0.0,0.0,0.0,H5,1.0,1.0
H5,W23,0.5,H5:H5:W23,0.0,0.0,1.0,0.0,0.0,0.0,0.0,1.0,0.0,0.0,0.0,0.0,0.0,0.0,0.0,H5,1.0,1.0
H5,H7,0.5,H5:H5:H7,0.0,0.0,1.0,0.0,0.0,0.0,0.0,0.0,0.0,0.0,0.0,0.0,0.0,0.0,0.0,H5,0.0,0.0
H5,MC11,0.5,H5:H5:MC11,0.0,0.0,1.0,0.0,0.0,0.0,0.0,0.0,0.0,0.0,0.0,0.0,0.0,0.0,0.0,H5,0.0,0.0
H5,W2,0.5,H5:H5:W2,0.0,0.0,1.0,0.0,0.0,0.0,0.0,0.0,0.0,0.0,0.0,0.0,0.0,0.0,0.0,H5,0.0,0.0
H5,W4,0.5,H5:H5:W4,0.0,0.0,1.0,0.0,0.0,0.0,0.0,0.0,0.0,0.0,0.0,0.0,0.0,0.0,0.0,H5,0.0,0.0
H6,M25,0.5,H6:H6:M25,0.0,0.0,1.0,0.0,0.0,0.0,0.0,0.0,0.0,0.0,0.0,0.0,0.0,0.0,0.0,H6,0.0,0.0
H6,H7,0.5,H6:H6:H7,0.0,0.0,1.0,0.0,0.0,0.0,0.0,0.0,0.0,0.0,0.0,0.0,0.0,0.0,0.0,H6,0.0,0.0
H6,W23,0.5,H6:H6:W23,0.0,0.0,1.0,0.0,0.0,0.0,0.0,0.0,0.0,0.0,0.0,0.0,0.0,0.0,0.0,H6,0.0,0.0
H7,MC9,0.5,H7:H7:MC9,0.0,1.0,1.0,0.0,1.0,0.0,0.0,0.0,0.0,0.0,0.0,0.0,0.0,0.0,0.0,H7,2.0,2.0
H7,MC5,0.5,H7:H7:MC5,0.0,0.0,1.0,0.0,0.0,0.0,0.0,0.0,0.0,0.0,0.0,0.0,0.0,0.0,0.0,H7,0.0,0.0
H7,MC8,0.5,H7:H7:MC8,0.0,0.0,1.0,0.0,0.0,0.0,0.0,0.0,0.0,0.0,0.0,0.0,0.0,0.0,0.0,H7,0.0,0.0
H7,MC10,0.5,H7:H7:MC10,0.0,1.0,1.0,0.0,1.0,0.0,0.0,0.0,0.0,0.0,0.0,0.0,0.0,0.0,0.0,H7,2.0,2.0
H7,U5,0.5,H7:H7:U5,0.0,1.0,1.0,0.0,1.0,0.0,0.0,0.0,0.0,0.0,0.0,0.0,0.0,0.0,0.0,H7,2.0,2.0
H7,M18,0.5,H7:H7:M18,0.0,0.0,1.0,0.0,0.0,0.0,0.0,0.0,0.0,0.0,0.0,0.0,0.0,0.0,0.0,H7,0.0,0.0
H7,M15,0.5,H7:H7:M15,0.0,0.0,1.0,0.0,0.0,0.0,0.0,0.0,0.0,0.0,0.0,0.0,0.0,0.0,0.0,H7,0.0,0.0
H7,M17,0.5,H7:H7:M17,0.0,0.0,1.0,0.0,0.0,0.0,0.0,0.0,0.0,0.0,0.0,0.0,0.0,0.0,0.0,H7,0.0,0.0
H7,U4,0.5,H7:H7:U4,0.0,0.0,1.0,0.0,0.0,0.0,0.0,0.0,0.0,0.0,0.0,0.0,0.0,0.0,0.0,H7,0.0,0.0
H8,W23,0.5,H8:H8:W23,0.0,0.0,1.0,0.0,0.0,0.0,0.0,0.0,0.0,0.0,0.0,0.0,0.0,0.0,0.0,H8,0.0,0.0
H8,U20,0.5,H8:H8:U20,0.0,0.0,1.0,0.0,0.0,0.0,0.0,0.0,0.0,0.0,0.0,0.0,0.0,0.0,0.0,H8,0.0,0.0
H8,M25,0.5,H8:H8:M25,0.0,0.0,1.0,0.0,0.0,0.0,0.0,1.0,0.0,0.0,0.0,0.0,0.0,0.0,0.0,H8,1.0,1.0
H8,U5,0.5,H8:H8:U5,0.0,0.0,1.0,0.0,0.0,0.0,0.0,0.0,0.0,0.0,0.0,0.0,0.0,0.0,0.0,H8,0.0,0.0
H8,U4,0.5,H8:H8:U4,0.0,1.0,1.0,0.0,0.0,0.0,0.0,0.0,0.0,0.0,0.0,0.0,0.0,0.0,0.0,H8,1.0,1.0
H8,MG6,0.5,H8:H8:MG6,0.0,1.0,1.0,0.0,0.0,0.0,0.0,0.0,0.0,0.0,0.0,0.0,0.0,0.0,0.0,H8,1.0,1.0
H8,CG2,0.5,H8:H8:CG2,0.0,0.0,1.0,0.0,0.0,0.0,0.0,0.0,0.0,0.0,0.0,0.0,0.0,0.0,0.0,H8,0.0,0.0
H8,H7,0.5,H8:H8:H7,0.0,0.0,1.0,0.0,0.0,0.0,0.0,0.0,0.0,0.0,0.0,0.0,0.0,0.0,0.0,H8,0.0,0.0
H8,MC9,0.5,H8:H8:MC9,0.0,1.0,1.0,0.0,0.0,0.0,0.0,0.0,0.0,0.0,0.0,0.0,0.0,0.0,0.0,H8,1.0,1.0
H8,MC8,0.5,H8:H8:MC8,0.0,1.0,1.0,0.0,0.0,0.0,0.0,0.0,0.0,0.0,0.0,0.0,0.0,0.0,0.0,H8,1.0,1.0
H8,MC10,0.5,H8:H8:MC10,0.0,1.0,1.0,0.0,0.0,0.0,0.0,0.0,0.0,0.0,0.0,0.0,0.0,0.0,0.0,H8,1.0,1.0
H8,MC5,0.5,H8:H8:MC5,0.0,0.0,1.0,0.0,0.0,0.0,0.0,0.0,0.0,0.0,0.0,0.0,0.0,0.0,0.0,H8,0.0,0.0
H8,W17,0.5,H8:H8:W17,0.0,0.0,1.0,0.0,0.0,0.0,0.0,0.0,0.0,0.0,0.0,0.0,0.0,0.0,0.0,H8,0.0,0.0
H8,W10,0.5,H8:H8:W10,0.0,0.0,1.0,0.0,0.0,0.0,0.0,0.0,0.0,0.0,0.0,0.0,0.0,0.0,0.0,H8,0.0,0.0
H8,W11,0.5,H8:H8:W11,0.0,0.0,1.0,0.0,0.0,0.0,0.0,0.0,0.0,0.0,0.0,0.0,0.0,0.0,0.0,H8,0.0,0.0
H8,W25,0.5,H8:H8:W25,0.0,0.0,1.0,0.0,0.0,0.0,0.0,0.0,0.0,0.0,0.0,0.0,0.0,0.0,0.0,H8,0.0,0.0
H9,M21,0.5,H9:H9:M21,0.0,0.0,0.0,0.0,0.0,0.0,0.0,1.0,0.0,0.0,0.0,0.0,0.0,0.0,0.0,H9,1.0,1.0
H9,H18,0.5,H9:H9:H18,0.0,0.0,0.0,0.0,0.0,0.0,0.0,0.0,0.0,0.0,0.0,0.0,0.0,0.0,0.0,H9,0.0,0.0
H9,U2,0.5,H9:H9:U2,0.0,1.0,0.0,0.0,0.0,0.0,0.0,1.0,0.0,0.0,0.0,0.0,0.0,0.0,0.0,H9,2.0,2.0
H9,W16,0.5,H9:H9:W16,0.0,1.0,0.0,0.0,0.0,1.0,0.0,1.0,0.0,0.0,0.0,0.0,0.0,0.0,0.0,H9,3.0,3.0
H9,U20,0.5,H9:H9:U20,0.0,0.0,0.0,0.0,0.0,0.0,0.0,0.0,0.0,0.0,0.0,0.0,0.0,0.0,0.0,H9,0.0,0.0
M1,M18,0.5,M1:M1:M18,0.0,0.0,0.0,1.0,0.0,0.0,0.0,0.0,0.0,0.0,0.0,0.0,0.0,0.0,0.0,M1,1.0,1.0
M1,M17,0.5,M1:M1:M17,0.0,0.0,0.0,0.0,0.0,0.0,0.0,0.0,0.0,0.0,0.0,0.0,0.0,0.0,0.0,M1,0.0,0.0
M1,M16,0.5,M1:M1:M16,0.0,0.0,0.0,0.0,0.0,0.0,0.0,0.0,0.0,0.0,0.0,0.0,0.0,0.0,0.0,M1,0.0,0.0
M1,M21,0.5,M1:M1:M21,0.0,0.0,0.0,0.0,0.0,0.0,0.0,0.0,0.0,0.0,0.0,0.0,0.0,0.0,0.0,M1,0.0,0.0
M10,M11,0.5,M10:M10:M11,0.0,1.0,0.0,0.0,0.0,0.0,0.0,0.0,0.0,0.0,0.0,0.0,0.0,0.0,0.0,M10,1.0,1.0
M10,M37,0.5,M10:M10:M37,0.0,1.0,0.0,0.0,0.0,0.0,0.0,0.0,0.0,0.0,0.0,0.0,0.0,0.0,0.0,M10,1.0,1.0
M10,CG10,0.5,M10:M10:CG10,0.0,1.0,0.0,0.0,0.0,0.0,0.0,0.0,0.0,0.0,0.0,0.0,0.0,0.0,0.0,M10,1.0,1.0
M10,CG11,0.5,M10:M10:CG11,0.0,1.0,0.0,0.0,0.0,0.0,0.0,0.0,0.0,0.0,0.0,0.0,0.0,0.0,0.0,M10,1.0,1.0
M10,CG12,0.5,M10:M10:CG12,0.0,1.0,0.0,0.0,0.0,0.0,0.0,0.0,0.0,0.0,0.0,0.0,0.0,0.0,0.0,M10,1.0,1.0
M10,CG9,0.5,M10:M10:CG9,0.0,0.0,0.0,0.0,0.0,0.0,0.0,0.0,0.0,0.0,0.0,0.0,0.0,0.0,0.0,M10,0.0,0.0
M10,CG2,0.5,M10:M10:CG2,0.0,0.0,0.0,0.0,0.0,0.0,0.0,0.0,0.0,0.0,0.0,0.0,0.0,0.0,0.0,M10,0.0,0.0
M10,M17,0.5,M10:M10:M17,0.0,0.0,0.0,0.0,0.0,0.0,0.0,0.0,0.0,0.0,0.0,0.0,0.0,0.0,0.0,M10,0.0,0.0
M10,M15,0.5,M10:M10:M15,0.0,0.0,0.0,0.0,0.0,0.0,0.0,0.0,0.0,0.0,0.0,0.0,0.0,0.0,0.0,M10,0.0,0.0
M10,M9,0.5,M10:M10:M9,0.0,0.0,0.0,0.0,0.0,0.0,0.0,0.0,0.0,0.0,0.0,0.0,0.0,0.0,0.0,M10,0.0,0.0
M10,M4,0.5,M10:M10:M4,0.0,0.0,0.0,0.0,0.0,0.0,0.0,0.0,0.0,0.0,0.0,0.0,0.0,0.0,0.0,M10,0.0,0.0
M10,M5,0.5,M10:M10:M5,0.0,0.0,0.0,0.0,0.0,0.0,0.0,0.0,0.0,0.0,0.0,0.0,0.0,0.0,0.0,M10,0.0,0.0
M10,M6,0.5,M10:M10:M6,0.0,0.0,0.0,0.0,0.0,0.0,0.0,0.0,0.0,0.0,0.0,0.0,0.0,0.0,0.0,M10,0.0,0.0
M10,M7,0.5,M10:M10:M7,0.0,0.0,0.0,0.0,0.0,0.0,0.0,0.0,0.0,0.0,0.0,0.0,0.0,0.0,0.0,M10,0.0,0.0
M10,M8,0.5,M10:M10:M8,0.0,0.0,0.0,0.0,0.0,0.0,0.0,0.0,0.0,0.0,0.0,0.0,0.0,0.0,0.0,M10,0.0,0.0
M10,W7,0.5,M10:M10:W7,0.0,0.0,0.0,0.0,0.0,0.0,0.0,0.0,0.0,0.0,0.0,0.0,0.0,0.0,0.0,M10,0.0,0.0
M10,W9,0.5,M10:M10:W9,0.0,0.0,0.0,0.0,0.0,0.0,0.0,0.0,0.0,0.0,0.0,0.0,0.0,0.0,0.0,M10,0.0,0.0
M11,M10,0.5,M11:M11:M10,0.0,0.0,0.0,0.0,0.0,0.0,0.0,0.0,0.0,0.0,0.0,0.0,0.0,0.0,0.0,M11,0.0,0.0
M11,CG10,0.5,M11:M11:CG10,0.0,0.0,0.0,0.0,0.0,0.0,0.0,0.0,0.0,0.0,0.0,0.0,0.0,0.0,0.0,M11,0.0,0.0
M11,CG11,0.5,M11:M11:CG11,0.0,0.0,0.0,0.0,0.0,0.0,0.0,0.0,0.0,0.0,0.0,0.0,0.0,0.0,0.0,M11,0.0,0.0
M11,CG12,0.5,M11:M11:CG12,0.0,0.0,0.0,0.0,0.0,0.0,0.0,0.0,0.0,0.0,0.0,0.0,0.0,0.0,0.0,M11,0.0,0.0
M11,M37,0.5,M11:M11:M37,0.0,0.0,0.0,0.0,0.0,0.0,0.0,0.0,0.0,0.0,0.0,0.0,0.0,0.0,0.0,M11,0.0,0.0
M11,M38,0.5,M11:M11:M38,0.0,0.0,0.0,0.0,0.0,0.0,0.0,0.0,0.0,0.0,0.0,0.0,0.0,0.0,0.0,M11,0.0,0.0
M11,U15,0.5,M11:M11:U15,0.0,0.0,0.0,0.0,0.0,0.0,0.0,0.0,0.0,0.0,0.0,0.0,0.0,0.0,0.0,M11,0.0,0.0
M11,W20,0.5,M11:M11:W20,0.0,1.0,0.0,0.0,0.0,0.0,0.0,0.0,0.0,0.0,0.0,0.0,0.0,0.0,0.0,M11,1.0,1.0
M11,M19,0.5,M11:M11:M19,0.0,0.0,0.0,0.0,0.0,0.0,0.0,0.0,0.0,0.0,0.0,0.0,0.0,0.0,0.0,M11,0.0,0.0
M11,M17,0.5,M11:M11:M17,0.0,0.0,0.0,0.0,0.0,0.0,0.0,0.0,0.0,0.0,0.0,0.0,0.0,0.0,0.0,M11,0.0,0.0
M11,M15,0.5,M11:M11:M15,0.0,0.0,0.0,0.0,0.0,0.0,0.0,0.0,0.0,0.0,0.0,0.0,0.0,0.0,0.0,M11,0.0,0.0
M12,CG12,0.5,M12:M12:CG12,0.0,0.0,0.0,0.0,0.0,0.0,0.0,0.0,0.0,0.0,0.0,0.0,0.0,0.0,0.0,M12,0.0,0.0
M12,CG11,0.5,M12:M12:CG11,0.0,0.0,0.0,0.0,0.0,0.0,0.0,0.0,0.0,0.0,0.0,0.0,0.0,0.0,0.0,M12,0.0,0.0
M12,CG14,0.5,M12:M12:CG14,0.0,0.0,0.0,0.0,0.0,0.0,0.0,0.0,0.0,0.0,0.0,0.0,0.0,0.0,0.0,M12,0.0,0.0
M12,U15,0.5,M12:M12:U15,0.0,0.0,0.0,0.0,0.0,0.0,0.0,0.0,0.0,0.0,0.0,0.0,0.0,0.0,0.0,M12,0.0,0.0
M12,M11,0.5,M12:M12:M11,0.0,0.0,0.0,0.0,0.0,0.0,0.0,0.0,0.0,0.0,0.0,0.0,0.0,0.0,0.0,M12,0.0,0.0
M12,M37,0.5,M12:M12:M37,0.0,0.0,0.0,0.0,0.0,0.0,0.0,0.0,0.0,0.0,0.0,0.0,0.0,0.0,0.0,M12,0.0,0.0
M12,M38,0.5,M12:M12:M38,0.0,0.0,0.0,0.0,0.0,0.0,0.0,0.0,0.0,0.0,0.0,0.0,0.0,0.0,0.0,M12,0.0,0.0
M12,M4,0.5,M12:M12:M4,0.0,0.0,0.0,0.0,0.0,0.0,0.0,0.0,0.0,0.0,0.0,0.0,0.0,0.0,0.0,M12,0.0,0.0
M12,M5,0.5,M12:M12:M5,0.0,0.0,0.0,0.0,0.0,0.0,0.0,0.0,0.0,0.0,0.0,0.0,0.0,0.0,0.0,M12,0.0,0.0
M12,M6,0.5,M12:M12:M6,0.0,0.0,0.0,0.0,0.0,0.0,0.0,0.0,0.0,0.0,0.0,0.0,0.0,0.0,0.0,M12,0.0,0.0
M12,M7,0.5,M12:M12:M7,0.0,0.0,0.0,0.0,0.0,0.0,0.0,0.0,0.0,0.0,0.0,0.0,0.0,0.0,0.0,M12,0.0,0.0
M12,M8,0.5,M12:M12:M8,0.0,0.0,0.0,0.0,0.0,0.0,0.0,0.0,0.0,0.0,0.0,0.0,0.0,0.0,0.0,M12,0.0,0.0
M12,U5,0.5,M12:M12:U5,0.0,0.0,0.0,0.0,0.0,0.0,0.0,0.0,0.0,0.0,0.0,0.0,0.0,0.0,0.0,M12,0.0,0.0
M13,CG2,0.5,M13:M13:CG2,0.0,0.0,0.0,0.0,0.0,0.0,0.0,0.0,0.0,0.0,0.0,0.0,0.0,0.0,0.0,M13,0.0,0.0
M13,M9,0.5,M13:M13:M9,0.0,0.0,0.0,0.0,0.0,0.0,0.0,0.0,0.0,0.0,0.0,0.0,0.0,0.0,0.0,M13,0.0,0.0
M13,S25,0.5,M13:M13:S25,0.0,0.0,0.0,0.0,0.0,0.0,0.0,0.0,0.0,0.0,0.0,0.0,0.0,0.0,0.0,M13,0.0,0.0
M13,M22,0.5,M13:M13:M22,0.0,0.0,0.0,0.0,0.0,0.0,0.0,0.0,0.0,0.0,0.0,0.0,0.0,0.0,0.0,M13,0.0,0.0
M13,MG10,0.5,M13:M13:MG10,0.0,0.0,0.0,0.0,0.0,0.0,0.0,0.0,0.0,0.0,0.0,0.0,0.0,0.0,0.0,M13,0.0,0.0
M13,M14,0.5,M13:M13:M14,0.0,0.0,0.0,0.0,0.0,0.0,0.0,0.0,0.0,0.0,0.0,0.0,0.0,0.0,0.0,M13,0.0,0.0
M13,M21,0.5,M13:M13:M21,0.0,0.0,0.0,0.0,0.0,0.0,0.0,0.0,0.0,0.0,0.0,0.0,0.0,0.0,0.0,M13,0.0,0.0
M13,M24,0.5,M13:M13:M24,0.0,0.0,0.0,0.0,0.0,0.0,0.0,0.0,0.0,0.0,0.0,0.0,0.0,0.0,0.0,M13,0.0,0.0
M13,S26,0.5,M13:M13:S26,0.0,0.0,0.0,1.0,0.0,0.0,0.0,0.0,0.0,0.0,0.0,0.0,0.0,0.0,0.0,M13,1.0,1.0
M13,W2,0.5,M13:M13:W2,0.0,1.0,0.0,0.0,1.0,0.0,0.0,0.0,0.0,0.0,0.0,0.0,0.0,0.0,0.0,M13,2.0,2.0
M13,W4,0.5,M13:M13:W4,0.0,0.0,0.0,0.0,0.0,0.0,0.0,0.0,0.0,0.0,0.0,0.0,0.0,0.0,0.0,M13,0.0,0.0
M14,M21,0.5,M14:M14:M21,0.0,0.0,0.0,0.0,0.0,0.0,0.0,0.0,0.0,0.0,0.0,0.0,0.0,0.0,0.0,M14,0.0,0.0
M14,M29,0.5,M14:M14:M29,0.0,0.0,0.0,0.0,0.0,0.0,0.0,0.0,0.0,0.0,0.0,0.0,0.0,0.0,0.0,M14,0.0,0.0
M15,M17,0.5,M15:M15:M17,0.0,0.0,0.0,0.0,0.0,0.0,0.0,0.0,0.0,0.0,0.0,0.0,0.0,0.0,0.0,M15,0.0,0.0
M15,H10,0.5,M15:M15:H10,0.0,0.0,0.0,0.0,0.0,0.0,0.0,1.0,0.0,0.0,0.0,0.0,0.0,0.0,0.0,M15,1.0,1.0
M15,H12,0.5,M15:M15:H12,0.0,0.0,0.0,0.0,0.0,0.0,0.0,1.0,0.0,0.0,0.0,0.0,0.0,0.0,0.0,M15,1.0,1.0
M15,M19,0.5,M15:M15:M19,0.0,0.0,0.0,0.0,0.0,0.0,0.0,0.0,0.0,0.0,0.0,0.0,0.0,0.0,0.0,M15,0.0,0.0
M16,M21,0.5,M16:M16:M21,0.0,0.0,1.0,0.0,0.0,0.0,0.0,0.0,0.0,0.0,0.0,0.0,0.0,0.0,0.0,M16,0.0,0.0
M16,W1,0.5,M16:M16:W1,0.0,0.0,1.0,0.0,0.0,0.0,0.0,0.0,0.0,0.0,0.0,0.0,0.0,0.0,0.0,M16,0.0,0.0
M16,W5,0.5,M16:M16:W5,0.0,0.0,1.0,0.0,0.0,0.0,0.0,0.0,0.0,0.0,0.0,0.0,0.0,0.0,0.0,M16,0.0,0.0
M16,H3,0.5,M16:M16:H3,0.0,0.0,1.0,0.0,0.0,0.0,0.0,0.0,0.0,0.0,0.0,0.0,0.0,0.0,0.0,M16,0.0,0.0
M16,H1,0.5,M16:M16:H1,0.0,0.0,1.0,0.0,0.0,0.0,0.0,0.0,0.0,0.0,0.0,0.0,0.0,0.0,0.0,M16,0.0,0.0
M16,U20,0.5,M16:M16:U20,0.0,0.0,1.0,0.0,0.0,0.0,0.0,0.0,0.0,0.0,0.0,0.0,0.0,0.0,0.0,M16,0.0,0.0
M16,W23,0.5,M16:M16:W23,0.0,0.0,1.0,0.0,0.0,0.0,0.0,0.0,0.0,0.0,0.0,0.0,0.0,0.0,0.0,M16,0.0,0.0
M16,M14,0.5,M16:M16:M14,0.0,0.0,1.0,0.0,0.0,0.0,0.0,0.0,0.0,0.0,0.0,0.0,0.0,0.0,0.0,M16,0.0,0.0
M16,M24,0.5,M16:M16:M24,0.0,0.0,1.0,0.0,0.0,0.0,0.0,0.0,0.0,0.0,0.0,0.0,0.0,0.0,0.0,M16,0.0,0.0
M16,M19,0.5,M16:M16:M19,0.0,0.0,1.0,0.0,0.0,0.0,0.0,1.0,0.0,0.0,0.0,0.0,0.0,0.0,0.0,M16,1.0,1.0
M16,U5,0.5,M16:M16:U5,0.0,0.0,1.0,0.0,0.0,0.0,0.0,1.0,0.0,0.0,0.0,0.0,0.0,0.0,0.0,M16,1.0,1.0
M16,W4,0.5,M16:M16:W4,0.0,0.0,1.0,0.0,0.0,0.0,0.0,0.0,0.0,0.0,0.0,0.0,0.0,0.0,0.0,M16,0.0,0.0
M16,W16,0.5,M16:M16:W16,0.0,0.0,1.0,0.0,0.0,0.0,0.0,0.0,0.0,0.0,0.0,0.0,0.0,0.0,0.0,M16,0.0,0.0
M17,M16,0.5,M17:M17:M16,0.0,0.0,0.0,0.0,0.0,0.0,0.0,0.0,0.0,0.0,0.0,0.0,0.0,0.0,0.0,M17,0.0,0.0
M17,M18,0.5,M17:M17:M18,0.0,0.0,0.0,0.0,0.0,0.0,0.0,0.0,0.0,0.0,0.0,0.0,0.0,0.0,0.0,M17,0.0,0.0
M17,M15,0.5,M17:M17:M15,0.0,0.0,0.0,1.0,0.0,0.0,0.0,0.0,0.0,0.0,0.0,0.0,0.0,0.0,0.0,M17,1.0,1.0
M17,M19,0.5,M17:M17:M19,0.0,0.0,0.0,0.0,0.0,0.0,0.0,0.0,0.0,0.0,0.0,0.0,0.0,0.0,0.0,M17,0.0,0.0
M17,H10,0.5,M17:M17:H10,0.0,0.0,0.0,0.0,0.0,0.0,0.0,0.0,0.0,0.0,0.0,0.0,0.0,0.0,0.0,M17,0.0,0.0
M17,H12,0.5,M17:M17:H12,0.0,0.0,0.0,0.0,0.0,0.0,0.0,0.0,0.0,0.0,0.0,0.0,0.0,0.0,0.0,M17,0.0,0.0
M17,MG6,0.5,M17:M17:MG6,0.0,0.0,0.0,0.0,0.0,0.0,1.0,0.0,0.0,0.0,0.0,0.0,0.0,0.0,0.0,M17,0.0,0.0
M18,M16,0.5,M18:M18:M16,0.0,1.0,0.0,0.0,0.0,0.0,0.0,1.0,0.0,0.0,0.0,0.0,0.0,0.0,0.0,M18,2.0,2.0
M18,M17,0.5,M18:M18:M17,0.0,0.0,0.0,0.0,0.0,0.0,0.0,0.0,0.0,0.0,0.0,0.0,0.0,0.0,0.0,M18,0.0,0.0
M18,M15,0.5,M18:M18:M15,0.0,1.0,0.0,0.0,0.0,0.0,0.0,1.0,0.0,0.0,0.0,0.0,0.0,0.0,0.0,M18,2.0,2.0
M18,M1,0.5,M18:M18:M1,0.0,0.0,0.0,0.0,0.0,0.0,0.0,0.0,0.0,0.0,0.0,0.0,0.0,0.0,0.0,M18,0.0,0.0
M18,M25,0.5,M18:M18:M25,0.0,0.0,0.0,0.0,0.0,0.0,0.0,0.0,0.0,0.0,0.0,0.0,0.0,0.0,0.0,M18,0.0,0.0
M18,W4,0.5,M18:M18:W4,0.0,0.0,0.0,1.0,0.0,0.0,0.0,0.0,0.0,0.0,0.0,0.0,0.0,0.0,0.0,M18,1.0,1.0
M18,W1,0.5,M18:M18:W1,0.0,0.0,0.0,0.0,0.0,0.0,0.0,0.0,0.0,0.0,0.0,0.0,0.0,0.0,0.0,M18,0.0,0.0
M18,W5,0.5,M18:M18:W5,0.0,0.0,0.0,0.0,0.0,0.0,0.0,0.0,0.0,0.0,0.0,0.0,0.0,0.0,0.0,M18,0.0,0.0
M18,S27,0.5,M18:M18:S27,0.0,0.0,0.0,0.0,0.0,0.0,0.0,0.0,0.0,0.0,0.0,0.0,0.0,0.0,0.0,M18,0.0,0.0
M18,M9,0.5,M18:M18:M9,0.0,0.0,0.0,0.0,0.0,0.0,0.0,0.0,0.0,0.0,0.0,0.0,0.0,0.0,0.0,M18,0.0,0.0
M18,M19,0.5,M18:M18:M19,0.0,0.0,0.0,0.0,0.0,0.0,0.0,0.0,0.0,0.0,0.0,0.0,0.0,0.0,0.0,M18,0.0,0.0
M18,W17,0.5,M18:M18:W17,0.0,0.0,0.0,1.0,0.0,0.0,0.0,0.0,0.0,0.0,0.0,0.0,0.0,0.0,0.0,M18,1.0,1.0
M18,W18,0.5,M18:M18:W18,0.0,0.0,0.0,0.0,0.0,0.0,0.0,0.0,0.0,0.0,0.0,0.0,0.0,0.0,0.0,M18,0.0,0.0
M19,M17,0.5,M19:M19:M17,0.0,0.0,0.0,0.0,0.0,0.0,0.0,0.0,0.0,0.0,0.0,0.0,0.0,0.0,0.0,M19,0.0,0.0
M19,M15,0.5,M19:M19:M15,0.0,0.0,0.0,0.0,0.0,0.0,0.0,0.0,0.0,0.0,0.0,0.0,0.0,0.0,0.0,M19,0.0,0.0
M19,H12,0.5,M19:M19:H12,0.0,0.0,0.0,0.0,0.0,0.0,0.0,0.0,0.0,0.0,0.0,0.0,0.0,0.0,0.0,M19,0.0,0.0
M19,H18,0.5,M19:M19:H18,0.0,0.0,0.0,0.0,0.0,0.0,0.0,0.0,0.0,0.0,0.0,0.0,0.0,0.0,0.0,M19,0.0,0.0
M19,H13,0.5,M19:M19:H13,0.0,0.0,0.0,0.0,0.0,0.0,0.0,0.0,0.0,0.0,0.0,0.0,0.0,0.0,0.0,M19,0.0,0.0
M19,M4,0.5,M19:M19:M4,0.0,0.0,0.0,0.0,0.0,0.0,0.0,0.0,0.0,0.0,0.0,0.0,0.0,0.0,0.0,M19,0.0,0.0
M19,M5,0.5,M19:M19:M5,0.0,0.0,0.0,0.0,0.0,0.0,0.0,0.0,0.0,0.0,0.0,0.0,0.0,0.0,0.0,M19,0.0,0.0
M19,M6,0.5,M19:M19:M6,0.0,0.0,0.0,0.0,0.0,0.0,0.0,0.0,0.0,0.0,0.0,0.0,0.0,0.0,0.0,M19,0.0,0.0
M19,M7,0.5,M19:M19:M7,0.0,0.0,0.0,0.0,0.0,0.0,0.0,0.0,0.0,0.0,0.0,0.0,0.0,0.0,0.0,M19,0.0,0.0
M19,M8,0.5,M19:M19:M8,0.0,0.0,0.0,0.0,0.0,0.0,0.0,0.0,0.0,0.0,0.0,0.0,0.0,0.0,0.0,M19,0.0,0.0
M19,M10,0.5,M19:M19:M10,0.0,0.0,0.0,0.0,0.0,0.0,0.0,0.0,0.0,0.0,0.0,0.0,0.0,0.0,0.0,M19,0.0,0.0
M19,M11,0.5,M19:M19:M11,0.0,0.0,0.0,0.0,0.0,0.0,0.0,0.0,0.0,0.0,0.0,0.0,0.0,0.0,0.0,M19,0.0,0.0
M19,M9,0.5,M19:M19:M9,0.0,0.0,0.0,0.0,0.0,0.0,0.0,0.0,0.0,0.0,0.0,0.0,0.0,0.0,0.0,M19,0.0,0.0
M2,M16,0.5,M2:M2:M16,0.0,0.0,0.0,0.0,0.0,0.0,0.0,0.0,0.0,0.0,0.0,0.0,0.0,0.0,0.0,M2,0.0,0.0
M2,M18,0.5,M2:M2:M18,0.0,0.0,0.0,0.0,0.0,0.0,0.0,0.0,0.0,0.0,0.0,0.0,0.0,0.0,0.0,M2,0.0,0.0
M2,M15,0.5,M2:M2:M15,0.0,0.0,0.0,0.0,0.0,0.0,0.0,0.0,0.0,0.0,0.0,0.0,0.0,0.0,0.0,M2,0.0,0.0
M2,W4,0.5,M2:M2:W4,0.0,0.0,0.0,1.0,0.0,0.0,0.0,0.0,0.0,0.0,0.0,0.0,0.0,0.0,0.0,M2,1.0,1.0
M20,M19,0.5,M20:M20:M19,0.0,0.0,0.0,0.0,0.0,0.0,0.0,1.0,0.0,0.0,0.0,0.0,0.0,0.0,0.0,M20,1.0,1.0
M20,M16,0.5,M20:M20:M16,0.0,0.0,0.0,0.0,0.0,0.0,0.0,0.0,0.0,0.0,0.0,0.0,0.0,0.0,0.0,M20,0.0,0.0
M20,M18,0.5,M20:M20:M18,0.0,0.0,0.0,0.0,0.0,0.0,0.0,0.0,0.0,0.0,0.0,0.0,0.0,0.0,0.0,M20,0.0,0.0
M20,H12,0.5,M20:M20:H12,0.0,0.0,0.0,0.0,0.0,0.0,0.0,0.0,0.0,0.0,0.0,0.0,0.0,0.0,0.0,M20,0.0,0.0
M20,H18,0.5,M20:M20:H18,0.0,0.0,0.0,0.0,0.0,0.0,0.0,0.0,0.0,0.0,0.0,0.0,0.0,0.0,0.0,M20,0.0,0.0
M20,U6,0.5,M20:M20:U6,0.0,0.0,0.0,1.0,0.0,0.0,0.0,0.0,0.0,0.0,0.0,0.0,0.0,0.0,0.0,M20,1.0,1.0
M20,U5,0.5,M20:M20:U5,0.0,0.0,0.0,0.0,0.0,0.0,0.0,0.0,0.0,0.0,0.0,0.0,0.0,0.0,0.0,M20,0.0,0.0
M20,U4,0.5,M20:M20:U4,0.0,0.0,0.0,0.0,0.0,0.0,0.0,0.0,0.0,0.0,0.0,0.0,0.0,0.0,0.0,M20,0.0,0.0
M20,M4,0.5,M20:M20:M4,0.0,0.0,0.0,0.0,0.0,0.0,0.0,0.0,0.0,0.0,0.0,0.0,0.0,0.0,0.0,M20,0.0,0.0
M20,H13,0.5,M20:M20:H13,0.0,0.0,0.0,1.0,0.0,0.0,0.0,0.0,0.0,0.0,0.0,0.0,0.0,0.0,0.0,M20,1.0,1.0
M20,W4,0.5,M20:M20:W4,0.0,1.0,0.0,0.0,0.0,0.0,0.0,0.0,0.0,0.0,0.0,0.0,0.0,0.0,0.0,M20,1.0,1.0
M21,W4,0.5,M21:M21:W4,0.0,0.0,1.0,0.0,0.0,0.0,0.0,0.0,0.0,0.0,0.0,0.0,0.0,0.0,0.0,M21,0.0,0.0
M21,W5,0.5,M21:M21:W5,0.0,0.0,1.0,0.0,0.0,0.0,0.0,0.0,0.0,0.0,0.0,0.0,0.0,0.0,0.0,M21,0.0,0.0
M21,M29,0.5,M21:M21:M29,0.0,0.0,1.0,0.0,0.0,0.0,0.0,0.0,0.0,0.0,0.0,0.0,0.0,0.0,0.0,M21,0.0,0.0
M21,H2,0.5,M21:M21:H2,0.0,0.0,1.0,0.0,0.0,0.0,0.0,0.0,0.0,0.0,0.0,0.0,0.0,0.0,0.0,M21,0.0,0.0
M21,H8,0.5,M21:M21:H8,0.0,0.0,1.0,0.0,0.0,0.0,0.0,0.0,0.0,0.0,0.0,0.0,0.0,0.0,0.0,M21,0.0,0.0
M21,M14,0.5,M21:M21:M14,0.0,0.0,1.0,0.0,0.0,0.0,0.0,0.0,0.0,0.0,0.0,0.0,0.0,0.0,0.0,M21,0.0,0.0
M21,M24,0.5,M21:M21:M24,0.0,0.0,1.0,0.0,0.0,0.0,0.0,0.0,0.0,0.0,0.0,0.0,0.0,0.0,0.0,M21,0.0,0.0
M22,S24,0.5,M22:M22:S24,1.0,1.0,0.0,0.0,0.0,0.0,0.0,0.0,0.0,1.0,0.0,0.0,0.0,0.0,0.0,M22,3.0,3.0
M22,S25,0.5,M22:M22:S25,1.0,0.0,0.0,0.0,0.0,0.0,0.0,0.0,0.0,1.0,0.0,0.0,0.0,0.0,0.0,M22,2.0,2.0
M22,W2,0.5,M22:M22:W2,0.0,0.0,0.0,0.0,0.0,0.0,1.0,0.0,0.0,1.0,0.0,0.0,0.0,0.0,0.0,M22,1.0,1.0
M22,CG2,0.5,M22:M22:CG2,0.0,0.0,0.0,0.0,0.0,0.0,0.0,0.0,0.0,0.0,0.0,0.0,0.0,0.0,0.0,M22,0.0,0.0
M22,M10,0.5,M22:M22:M10,0.0,0.0,0.0,0.0,0.0,0.0,0.0,0.0,0.0,0.0,0.0,0.0,0.0,0.0,0.0,M22,0.0,0.0
M22,M24,0.5,M22:M22:M24,0.0,0.0,0.0,0.0,0.0,0.0,0.0,0.0,0.0,0.0,0.0,0.0,0.0,0.0,0.0,M22,0.0,0.0
M22,MG5,0.5,M22:M22:MG5,0.0,0.0,0.0,0.0,0.0,0.0,0.0,0.0,0.0,0.0,0.0,0.0,0.0,0.0,0.0,M22,0.0,0.0
M22,MG6,0.5,M22:M22:MG6,0.0,0.0,0.0,0.0,0.0,0.0,1.0,0.0,0.0,1.0,0.0,0.0,0.0,0.0,0.0,M22,1.0,1.0
M23,M22,0.5,M23:M23:M22,0.0,1.0,0.0,0.0,0.0,0.0,0.0,0.0,0.0,1.0,0.0,0.0,0.0,0.0,0.0,M23,2.0,2.0
M23,U5,0.5,M23:M23:U5,0.0,1.0,0.0,0.0,0.0,0.0,0.0,0.0,0.0,0.0,0.0,0.0,0.0,0.0,0.0,M23,1.0,1.0
M23,U4,0.5,M23:M23:U4,0.0,1.0,0.0,1.0,0.0,0.0,1.0,0.0,0.0,0.0,0.0,0.0,0.0,0.0,0.0,M23,2.0,2.0
M23,CG10,0.5,M23:M23:CG10,0.0,0.0,0.0,0.0,0.0,0.0,0.0,0.0,0.0,0.0,0.0,0.0,0.0,0.0,0.0,M23,0.0,0.0
M23,MG6,0.5,M23:M23:MG6,0.0,0.0,0.0,0.0,0.0,0.0,1.0,0.0,0.0,0.0,0.0,0.0,0.0,0.0,0.0,M23,0.0,0.0
M23,M15,0.5,M23:M23:M15,0.0,1.0,0.0,0.0,0.0,0.0,0.0,0.0,0.0,0.0,0.0,0.0,0.0,0.0,0.0,M23,1.0,1.0
M23,M18,0.5,M23:M23:M18,0.0,1.0,0.0,0.0,0.0,0.0,0.0,0.0,0.0,0.0,0.0,0.0,0.0,0.0,0.0,M23,1.0,1.0
M23,M25,0.5,M23:M23:M25,0.0,1.0,0.0,0.0,0.0,0.0,0.0,0.0,0.0,0.0,0.0,0.0,0.0,0.0,0.0,M23,1.0,1.0
M23,M21,0.5,M23:M23:M21,0.0,0.0,0.0,0.0,0.0,0.0,0.0,0.0,0.0,0.0,0.0,0.0,0.0,0.0,0.0,M23,0.0,0.0
M23,M29,0.5,M23:M23:M29,0.0,0.0,0.0,0.0,0.0,0.0,0.0,0.0,0.0,0.0,0.0,0.0,0.0,0.0,0.0,M23,0.0,0.0
M23,M24,0.5,M23:M23:M24,0.0,0.0,0.0,0.0,0.0,0.0,0.0,0.0,0.0,0.0,0.0,0.0,0.0,0.0,0.0,M23,0.0,0.0
M23,S25,0.5,M23:M23:S25,0.0,1.0,0.0,0.0,0.0,0.0,1.0,0.0,0.0,0.0,0.0,0.0,0.0,0.0,0.0,M23,1.0,1.0
M23,S27,0.5,M23:M23:S27,0.0,0.0,0.0,0.0,0.0,0.0,0.0,0.0,0.0,0.0,0.0,0.0,0.0,0.0,0.0,M23,0.0,0.0
M23,M27,0.5,M23:M23:M27,1.0,0.0,0.0,0.0,0.0,0.0,0.0,0.0,0.0,0.0,0.0,0.0,0.0,0.0,0.0,M23,1.0,1.0
M23,W1,0.5,M23:M23:W1,0.0,0.0,0.0,0.0,0.0,0.0,0.0,0.0,0.0,0.0,0.0,0.0,0.0,0.0,0.0,M23,0.0,0.0
M23,W4,0.5,M23:M23:W4,0.0,0.0,0.0,0.0,0.0,0.0,0.0,0.0,0.0,0.0,0.0,0.0,0.0,0.0,0.0,M23,0.0,0.0
M24,S24,0.5,M24:M24:S24,0.0,0.0,0.0,0.0,0.0,0.0,0.0,0.0,0.0,0.0,0.0,0.0,0.0,0.0,0.0,M24,0.0,0.0
M24,S25,0.5,M24:M24:S25,0.0,0.0,0.0,0.0,0.0,0.0,0.0,0.0,0.0,0.0,0.0,0.0,0.0,0.0,0.0,M24,0.0,0.0
M24,M22,0.5,M24:M24:M22,0.0,0.0,0.0,0.0,0.0,0.0,0.0,0.0,0.0,0.0,0.0,0.0,0.0,0.0,0.0,M24,0.0,0.0
M24,CG2,0.5,M24:M24:CG2,0.0,0.0,0.0,0.0,0.0,0.0,0.0,0.0,0.0,0.0,0.0,0.0,0.0,0.0,0.0,M24,0.0,0.0
M24,MG5,0.5,M24:M24:MG5,0.0,0.0,0.0,0.0,0.0,0.0,1.0,0.0,0.0,0.0,0.0,0.0,0.0,0.0,0.0,M24,0.0,0.0
M24,MG6,0.5,M24:M24:MG6,0.0,1.0,0.0,0.0,0.0,0.0,1.0,0.0,0.0,0.0,0.0,0.0,0.0,0.0,0.0,M24,1.0,1.0
M24,U4,0.5,M24:M24:U4,0.0,1.0,0.0,0.0,0.0,0.0,1.0,0.0,0.0,0.0,0.0,0.0,0.0,0.0,0.0,M24,1.0,1.0
M24,M14,0.5,M24:M24:M14,0.0,0.0,0.0,0.0,0.0,0.0,0.0,0.0,0.0,0.0,0.0,0.0,0.0,0.0,0.0,M24,0.0,0.0
M24,M21,0.5,M24:M24:M21,0.0,0.0,0.0,0.0,0.0,0.0,0.0,0.0,0.0,0.0,0.0,0.0,0.0,0.0,0.0,M24,0.0,0.0
M24,M25,0.5,M24:M24:M25,0.0,0.0,0.0,0.0,0.0,0.0,0.0,0.0,0.0,0.0,0.0,0.0,0.0,0.0,0.0,M24,0.0,0.0
M24,W2,0.5,M24:M24:W2,1.0,0.0,0.0,0.0,0.0,1.0,0.0,0.0,0.0,0.0,0.0,0.0,0.0,0.0,0.0,M24,2.0,2.0
M24,W4,0.5,M24:M24:W4,0.0,1.0,0.0,0.0,0.0,0.0,0.0,0.0,0.0,1.0,0.0,0.0,0.0,0.0,0.0,M24,2.0,2.0
M24,W7,0.5,M24:M24:W7,0.0,0.0,0.0,0.0,0.0,0.0,0.0,0.0,0.0,0.0,0.0,0.0,0.0,0.0,0.0,M24,0.0,0.0
M25,M21,0.5,M25:M25:M21,0.0,0.0,0.0,0.0,0.0,0.0,0.0,0.0,0.0,0.0,1.0,0.0,0.0,0.0,0.0,M25,1.0,1.0
M25,M24,0.5,M25:M25:M24,0.0,0.0,0.0,0.0,0.0,0.0,0.0,0.0,0.0,0.0,0.0,0.0,0.0,0.0,0.0,M25,0.0,0.0
M25,M14,0.5,M25:M25:M14,0.0,0.0,0.0,0.0,0.0,0.0,0.0,0.0,0.0,0.0,0.0,0.0,0.0,0.0,0.0,M25,0.0,0.0
M25,M15,0.5,M25:M25:M15,0.0,0.0,0.0,0.0,0.0,0.0,0.0,0.0,0.0,0.0,0.0,0.0,0.0,0.0,0.0,M25,0.0,0.0
M25,M23,0.5,M25:M25:M23,0.0,1.0,0.0,0.0,0.0,0.0,0.0,0.0,0.0,0.0,1.0,0.0,0.0,0.0,0.0,M25,2.0,2.0
M25,M16,0.5,M25:M25:M16,0.0,0.0,0.0,0.0,0.0,0.0,0.0,0.0,0.0,0.0,0.0,0.0,0.0,0.0,0.0,M25,0.0,0.0
M25,M18,0.5,M25:M25:M18,0.0,0.0,0.0,0.0,0.0,0.0,0.0,0.0,0.0,0.0,0.0,0.0,0.0,0.0,0.0,M25,0.0,0.0
M25,U5,0.5,M25:M25:U5,0.0,1.0,0.0,0.0,0.0,0.0,0.0,0.0,0.0,0.0,0.0,0.0,0.0,0.0,0.0,M25,1.0,1.0
M25,W4,0.5,M25:M25:W4,0.0,0.0,0.0,0.0,0.0,0.0,0.0,0.0,0.0,0.0,0.0,0.0,0.0,0.0,0.0,M25,0.0,0.0
M26,S27,0.5,M26:M26:S27,0.0,0.0,0.0,0.0,0.0,0.0,0.0,0.0,0.0,0.0,0.0,0.0,0.0,0.0,0.0,M26,0.0,0.0
M26,M9,0.5,M26:M26:M9,0.0,0.0,0.0,0.0,0.0,0.0,0.0,0.0,0.0,0.0,0.0,0.0,0.0,0.0,0.0,M26,0.0,0.0
M26,M10,0.5,M26:M26:M10,0.0,0.0,0.0,0.0,0.0,0.0,0.0,0.0,0.0,0.0,0.0,0.0,0.0,0.0,0.0,M26,0.0,0.0
M26,U5,0.5,M26:M26:U5,0.0,0.0,0.0,0.0,0.0,0.0,0.0,0.0,0.0,0.0,0.0,1.0,0.0,0.0,0.0,M26,1.0,1.0
M26,CG10,0.5,M26:M26:CG10,0.0,0.0,0.0,0.0,0.0,0.0,0.0,0.0,0.0,0.0,0.0,0.0,0.0,0.0,0.0,M26,0.0,0.0
M26,CG9,0.5,M26:M26:CG9,0.0,0.0,0.0,0.0,0.0,0.0,0.0,0.0,0.0,0.0,0.0,0.0,0.0,0.0,0.0,M26,0.0,0.0
M26,M27,0.5,M26:M26:M27,0.0,0.0,0.0,0.0,0.0,0.0,0.0,0.0,0.0,0.0,0.0,0.0,0.0,0.0,0.0,M26,0.0,0.0
M26,W3,0.5,M26:M26:W3,0.0,0.0,0.0,0.0,0.0,0.0,0.0,0.0,0.0,0.0,0.0,0.0,0.0,0.0,0.0,M26,0.0,0.0
M26,W4,0.5,M26:M26:W4,0.0,0.0,0.0,0.0,0.0,0.0,0.0,0.0,0.0,0.0,0.0,0.0,0.0,0.0,0.0,M26,0.0,0.0
M26,W7,0.5,M26:M26:W7,0.0,0.0,0.0,0.0,0.0,0.0,0.0,0.0,0.0,0.0,0.0,0.0,0.0,0.0,0.0,M26,0.0,0.0
M26,M23,0.5,M26:M26:M23,0.0,1.0,0.0,0.0,0.0,0.0,0.0,0.0,0.0,0.0,0.0,0.0,0.0,0.0,0.0,M26,1.0,1.0
M27,S27,0.5,M27:M27:S27,0.0,0.0,0.0,0.0,0.0,0.0,0.0,0.0,0.0,0.0,0.0,0.0,0.0,0.0,0.0,M27,0.0,0.0
M27,S25,0.5,M27:M27:S25,0.0,0.0,0.0,0.0,0.0,0.0,0.0,0.0,0.0,0.0,0.0,0.0,0.0,0.0,0.0,M27,0.0,0.0
M27,S24,0.5,M27:M27:S24,0.0,0.0,0.0,0.0,0.0,0.0,0.0,0.0,0.0,0.0,0.0,0.0,0.0,0.0,0.0,M27,0.0,0.0
M27,S26,0.5,M27:M27:S26,0.0,0.0,0.0,0.0,0.0,0.0,0.0,0.0,0.0,0.0,0.0,0.0,0.0,0.0,0.0,M27,0.0,0.0
M27,M26,0.5,M27:M27:M26,0.0,0.0,0.0,0.0,0.0,0.0,1.0,0.0,0.0,0.0,0.0,0.0,0.0,0.0,0.0,M27,0.0,0.0
M27,MG3,0.5,M27:M27:MG3,0.0,0.0,0.0,0.0,0.0,0.0,1.0,0.0,0.0,0.0,0.0,0.0,0.0,0.0,0.0,M27,0.0,0.0
M27,U5,0.5,M27:M27:U5,0.0,1.0,0.0,0.0,0.0,0.0,1.0,0.0,0.0,0.0,0.0,0.0,0.0,0.0,0.0,M27,1.0,1.0
M27,M22,0.5,M27:M27:M22,0.0,0.0,0.0,0.0,0.0,0.0,0.0,0.0,0.0,0.0,0.0,0.0,0.0,0.0,0.0,M27,0.0,0.0
M27,M23,0.5,M27:M27:M23,0.0,0.0,0.0,0.0,0.0,0.0,0.0,0.0,0.0,0.0,0.0,0.0,0.0,0.0,0.0,M27,0.0,0.0
M27,W2,0.5,M27:M27:W2,0.0,0.0,0.0,0.0,0.0,0.0,0.0,0.0,0.0,0.0,0.0,0.0,0.0,0.0,0.0,M27,0.0,0.0
M27,W1,0.5,M27:M27:W1,0.0,0.0,0.0,0.0,0.0,0.0,0.0,0.0,0.0,0.0,0.0,0.0,0.0,0.0,0.0,M27,0.0,0.0
M27,W7,0.5,M27:M27:W7,0.0,0.0,0.0,0.0,0.0,0.0,0.0,0.0,0.0,0.0,0.0,0.0,0.0,0.0,0.0,M27,0.0,0.0
M27,W6,0.5,M27:M27:W6,0.0,0.0,0.0,0.0,0.0,0.0,0.0,0.0,0.0,0.0,0.0,0.0,0.0,0.0,0.0,M27,0.0,0.0
M28,M27,0.5,M28:M28:M27,0.0,0.0,0.0,0.0,0.0,0.0,0.0,0.0,0.0,0.0,0.0,0.0,0.0,0.0,0.0,M28,0.0,0.0
M28,U5,0.5,M28:M28:U5,0.0,1.0,0.0,0.0,0.0,0.0,1.0,0.0,0.0,0.0,0.0,0.0,0.0,0.0,0.0,M28,1.0,1.0
M28,U4,0.5,M28:M28:U4,0.0,1.0,0.0,0.0,0.0,0.0,1.0,0.0,0.0,0.0,0.0,0.0,0.0,0.0,0.0,M28,1.0,1.0
M28,M25,0.5,M28:M28:M25,0.0,1.0,0.0,0.0,0.0,0.0,1.0,0.0,0.0,0.0,0.0,0.0,0.0,0.0,0.0,M28,1.0,1.0
M28,M15,0.5,M28:M28:M15,0.0,1.0,0.0,0.0,0.0,0.0,1.0,0.0,0.0,0.0,0.0,0.0,0.0,0.0,0.0,M28,1.0,1.0
M28,M23,0.5,M28:M28:M23,0.0,1.0,0.0,0.0,0.0,0.0,0.0,0.0,0.0,0.0,0.0,0.0,0.0,0.0,0.0,M28,1.0,1.0
M28,MG10,0.5,M28:M28:MG10,0.0,0.0,0.0,0.0,0.0,0.0,1.0,0.0,0.0,0.0,0.0,0.0,0.0,0.0,0.0,M28,0.0,0.0
M28,MG6,0.5,M28:M28:MG6,0.0,0.0,0.0,0.0,0.0,0.0,1.0,0.0,0.0,0.0,0.0,0.0,0.0,0.0,0.0,M28,0.0,0.0
M28,SD8,0.5,M28:M28:SD8,0.0,0.0,0.0,0.0,0.0,0.0,0.0,0.0,0.0,0.0,0.0,0.0,0.0,0.0,0.0,M28,0.0,0.0
M28,OV24,0.5,M28:M28:OV24,0.0,0.0,0.0,0.0,0.0,0.0,0.0,0.0,0.0,0.0,0.0,0.0,0.0,0.0,0.0,M28,0.0,0.0
M29,M21,0.5,M29:M29:M21,0.0,0.0,0.0,0.0,0.0,0.0,0.0,0.0,0.0,0.0,1.0,0.0,0.0,0.0,0.0,M29,1.0,1.0
M29,M1,0.5,M29:M29:M1,0.0,0.0,0.0,0.0,0.0,0.0,0.0,0.0,0.0,0.0,0.0,0.0,0.0,0.0,0.0,M29,0.0,0.0
M29,M25,0.5,M29:M29:M25,0.0,0.0,0.0,0.0,0.0,0.0,0.0,0.0,0.0,0.0,0.0,0.0,0.0,0.0,0.0,M29,0.0,0.0
M29,M24,0.5,M29:M29:M24,0.0,0.0,0.0,0.0,0.0,0.0,0.0,0.0,0.0,0.0,0.0,0.0,0.0,0.0,0.0,M29,0.0,0.0
M3,M18,0.5,M3:M3:M18,0.0,0.0,0.0,0.0,0.0,0.0,0.0,0.0,0.0,0.0,0.0,0.0,0.0,0.0,0.0,M3,0.0,0.0
M31,M32,0.5,M31:M31:M32,0.0,0.0,0.0,0.0,0.0,0.0,0.0,0.0,0.0,0.0,0.0,0.0,0.0,0.0,0.0,M31,0.0,0.0
M32,U5,0.5,M32:M32:U5,0.0,0.0,0.0,0.0,0.0,0.0,0.0,0.0,0.0,0.0,0.0,0.0,0.0,0.0,0.0,M32,0.0,0.0
M32,U4,0.5,M32:M32:U4,0.0,0.0,0.0,0.0,0.0,0.0,0.0,0.0,0.0,0.0,0.0,0.0,0.0,0.0,0.0,M32,0.0,0.0
M32,M18,0.5,M32:M32:M18,0.0,0.0,0.0,0.0,0.0,0.0,0.0,0.0,0.0,0.0,0.0,0.0,0.0,0.0,0.0,M32,0.0,0.0
M32,M4,0.5,M32:M32:M4,0.0,0.0,0.0,0.0,0.0,0.0,0.0,0.0,0.0,0.0,0.0,0.0,0.0,0.0,0.0,M32,0.0,0.0
M32,M5,0.5,M32:M32:M5,0.0,0.0,0.0,0.0,0.0,0.0,0.0,0.0,0.0,0.0,0.0,0.0,0.0,0.0,0.0,M32,0.0,0.0
M32,M6,0.5,M32:M32:M6,0.0,0.0,0.0,0.0,0.0,0.0,0.0,0.0,0.0,0.0,0.0,0.0,0.0,0.0,0.0,M32,0.0,0.0
M32,M7,0.5,M32:M32:M7,0.0,0.0,0.0,0.0,0.0,0.0,0.0,0.0,0.0,0.0,0.0,0.0,0.0,0.0,0.0,M32,0.0,0.0
M32,M8,0.5,M32:M32:M8,0.0,0.0,0.0,0.0,0.0,0.0,0.0,0.0,0.0,0.0,0.0,0.0,0.0,0.0,0.0,M32,0.0,0.0
M32,M19,0.5,M32:M32:M19,0.0,0.0,0.0,0.0,0.0,0.0,0.0,0.0,0.0,0.0,0.0,0.0,0.0,0.0,0.0,M32,0.0,0.0
M33,U12,0.5,M33:M33:U12,0.0,0.0,0.0,0.0,0.0,0.0,0.0,0.0,0.0,0.0,0.0,0.0,0.0,0.0,0.0,M33,0.0,0.0
M33,U13,0.5,M33:M33:U13,0.0,0.0,0.0,0.0,0.0,0.0,0.0,0.0,0.0,0.0,0.0,0.0,0.0,0.0,0.0,M33,0.0,0.0
M33,U10,0.5,M33:M33:U10,0.0,0.0,0.0,0.0,0.0,0.0,0.0,0.0,0.0,0.0,0.0,0.0,0.0,0.0,0.0,M33,0.0,0.0
M33,M32,0.5,M33:M33:M32,0.0,0.0,0.0,0.0,0.0,0.0,0.0,0.0,0.0,0.0,0.0,0.0,0.0,0.0,0.0,M33,0.0,0.0
M34,M32,0.5,M34:M34:M32,0.0,0.0,0.0,0.0,0.0,0.0,0.0,0.0,0.0,0.0,0.0,0.0,0.0,0.0,0.0,M34,0.0,0.0
M34,U8,0.5,M34:M34:U8,0.0,0.0,0.0,0.0,0.0,0.0,0.0,0.0,0.0,0.0,0.0,0.0,0.0,0.0,0.0,M34,0.0,0.0
M34,U10,0.5,M34:M34:U10,0.0,0.0,0.0,0.0,0.0,0.0,0.0,0.0,0.0,0.0,0.0,0.0,0.0,0.0,0.0,M34,0.0,0.0
M35,M17,0.5,M35:M35:M17,0.0,1.0,0.0,0.0,0.0,0.0,0.0,0.0,0.0,0.0,0.0,0.0,0.0,0.0,0.0,M35,1.0,1.0
M35,M15,0.5,M35:M35:M15,0.0,1.0,0.0,0.0,0.0,0.0,0.0,0.0,0.0,0.0,0.0,0.0,0.0,0.0,0.0,M35,1.0,1.0
M35,H10,0.5,M35:M35:H10,0.0,1.0,0.0,0.0,0.0,0.0,0.0,0.0,0.0,0.0,0.0,0.0,0.0,0.0,0.0,M35,1.0,1.0
M35,H12,0.5,M35:M35:H12,0.0,1.0,0.0,0.0,0.0,0.0,0.0,0.0,0.0,0.0,0.0,0.0,0.0,0.0,0.0,M35,1.0,1.0
M35,U5,0.5,M35:M35:U5,0.0,1.0,0.0,0.0,0.0,0.0,0.0,0.0,0.0,0.0,0.0,0.0,0.0,0.0,0.0,M35,1.0,1.0
M35,M29,0.5,M35:M35:M29,0.0,0.0,0.0,0.0,0.0,0.0,0.0,0.0,0.0,0.0,0.0,0.0,0.0,0.0,0.0,M35,0.0,0.0
M37,CG10,0.5,M37:M37:CG10,0.0,0.0,0.0,0.0,0.0,0.0,0.0,0.0,0.0,0.0,0.0,0.0,0.0,0.0,0.0,M37,0.0,0.0
M37,CG9,0.5,M37:M37:CG9,0.0,0.0,0.0,0.0,0.0,0.0,0.0,0.0,0.0,0.0,0.0,0.0,0.0,0.0,0.0,M37,0.0,0.0
M37,M10,0.5,M37:M37:M10,0.0,0.0,0.0,0.0,0.0,0.0,0.0,0.0,0.0,0.0,0.0,0.0,0.0,0.0,0.0,M37,0.0,0.0
M37,M38,0.5,M37:M37:M38,0.0,0.0,0.0,0.0,0.0,0.0,0.0,0.0,0.0,0.0,0.0,0.0,0.0,0.0,0.0,M37,0.0,0.0
M38,M37,0.5,M38:M38:M37,0.0,1.0,0.0,0.0,0.0,1.0,0.0,0.0,0.0,0.0,0.0,0.0,0.0,0.0,0.0,M38,2.0,2.0
M38,CG9,0.5,M38:M38:CG9,0.0,0.0,0.0,0.0,0.0,0.0,0.0,0.0,0.0,0.0,0.0,0.0,0.0,0.0,0.0,M38,0.0,0.0
M38,CG10,0.5,M38:M38:CG10,0.0,0.0,0.0,0.0,0.0,0.0,0.0,0.0,0.0,0.0,0.0,0.0,0.0,0.0,0.0,M38,0.0,0.0
M38,M10,0.5,M38:M38:M10,0.0,0.0,0.0,0.0,0.0,0.0,0.0,0.0,0.0,0.0,0.0,0.0,0.0,0.0,0.0,M38,0.0,0.0
M4,M18,0.5,M4:M4:M18,0.0,0.0,0.0,0.0,0.0,0.0,0.0,0.0,0.0,0.0,0.0,0.0,0.0,0.0,0.0,M4,0.0,0.0
M4,M16,0.5,M4:M4:M16,0.0,0.0,0.0,0.0,0.0,0.0,0.0,0.0,0.0,0.0,0.0,0.0,0.0,0.0,0.0,M4,0.0,0.0
M4,M15,0.5,M4:M4:M15,0.0,0.0,0.0,0.0,0.0,0.0,0.0,0.0,0.0,0.0,0.0,0.0,0.0,0.0,0.0,M4,0.0,0.0
M5,M4,0.5,M5:M5:M4,0.0,1.0,0.0,0.0,0.0,0.0,0.0,0.0,0.0,0.0,0.0,0.0,0.0,0.0,0.0,M5,1.0,1.0
M5,M6,0.5,M5:M5:M6,0.0,1.0,0.0,0.0,0.0,0.0,0.0,0.0,0.0,0.0,0.0,0.0,0.0,0.0,0.0,M5,1.0,1.0
M5,M7,0.5,M5:M5:M7,0.0,1.0,0.0,0.0,0.0,0.0,0.0,0.0,0.0,0.0,0.0,0.0,0.0,0.0,0.0,M5,1.0,1.0
M5,M8,0.5,M5:M5:M8,0.0,1.0,0.0,0.0,0.0,0.0,0.0,0.0,0.0,0.0,0.0,0.0,0.0,0.0,0.0,M5,1.0,1.0
M5,S27,0.5,M5:M5:S27,0.0,1.0,0.0,0.0,0.0,0.0,0.0,0.0,0.0,0.0,0.0,0.0,0.0,0.0,0.0,M5,1.0,1.0
M5,M9,0.5,M5:M5:M9,0.0,0.0,0.0,0.0,0.0,0.0,0.0,0.0,0.0,0.0,0.0,0.0,0.0,0.0,0.0,M5,0.0,0.0
M5,M10,0.5,M5:M5:M10,0.0,0.0,0.0,0.0,0.0,0.0,0.0,0.0,0.0,0.0,0.0,0.0,0.0,0.0,0.0,M5,0.0,0.0
M5,M18,0.5,M5:M5:M18,0.0,0.0,0.0,0.0,0.0,0.0,0.0,0.0,0.0,0.0,0.0,0.0,0.0,0.0,0.0,M5,0.0,0.0
M5,W3,0.5,M5:M5:W3,0.0,0.0,0.0,0.0,0.0,0.0,0.0,0.0,0.0,0.0,0.0,0.0,0.0,0.0,0.0,M5,0.0,0.0
M5,W4,0.5,M5:M5:W4,0.0,0.0,0.0,0.0,0.0,0.0,0.0,0.0,0.0,0.0,0.0,0.0,0.0,0.0,0.0,M5,0.0,0.0
M6,M18,0.5,M6:M6:M18,0.0,0.0,0.0,0.0,0.0,0.0,0.0,0.0,0.0,0.0,0.0,0.0,0.0,0.0,0.0,M6,0.0,0.0
M6,M17,0.5,M6:M6:M17,0.0,0.0,0.0,0.0,0.0,0.0,0.0,0.0,0.0,0.0,0.0,0.0,0.0,0.0,0.0,M6,0.0,0.0
M6,M19,0.5,M6:M6:M19,0.0,0.0,0.0,0.0,0.0,0.0,0.0,0.0,0.0,0.0,0.0,0.0,0.0,0.0,0.0,M6,0.0,0.0
M6,M16,0.5,M6:M6:M16,0.0,0.0,0.0,0.0,0.0,0.0,0.0,0.0,0.0,0.0,0.0,0.0,0.0,0.0,0.0,M6,0.0,0.0
M6,M21,0.5,M6:M6:M21,0.0,0.0,0.0,0.0,0.0,0.0,0.0,0.0,0.0,0.0,0.0,0.0,0.0,0.0,0.0,M6,0.0,0.0
M6,M15,0.5,M6:M6:M15,0.0,0.0,0.0,0.0,0.0,0.0,0.0,0.0,0.0,0.0,0.0,0.0,0.0,0.0,0.0,M6,0.0,0.0
M6,M32,0.5,M6:M6:M32,0.0,0.0,0.0,0.0,0.0,0.0,0.0,0.0,0.0,0.0,0.0,0.0,0.0,0.0,0.0,M6,0.0,0.0
M6,U5,0.5,M6:M6:U5,0.0,0.0,0.0,0.0,0.0,0.0,0.0,0.0,0.0,0.0,0.0,0.0,0.0,0.0,0.0,M6,0.0,0.0
M6,M23,0.5,M6:M6:M23,0.0,1.0,0.0,1.0,0.0,0.0,0.0,0.0,0.0,0.0,0.0,0.0,0.0,0.0,0.0,M6,2.0,2.0
M6,MG6,0.5,M6:M6:MG6,0.0,0.0,0.0,1.0,0.0,0.0,1.0,0.0,0.0,0.0,0.0,0.0,0.0,0.0,0.0,M6,1.0,1.0
M6,W1,0.5,M6:M6:W1,0.0,1.0,0.0,0.0,0.0,1.0,0.0,0.0,0.0,0.0,1.0,0.0,0.0,0.0,0.0,M6,3.0,3.0
M6,W4,0.5,M6:M6:W4,0.0,1.0,0.0,0.0,0.0,1.0,0.0,0.0,0.0,0.0,1.0,0.0,0.0,0.0,0.0,M6,3.0,3.0
M7,M19,0.5,M7:M7:M19,0.0,0.0,0.0,1.0,0.0,0.0,0.0,0.0,0.0,0.0,0.0,0.0,0.0,0.0,0.0,M7,1.0,1.0
M7,M4,0.5,M7:M7:M4,0.0,1.0,0.0,0.0,0.0,0.0,0.0,0.0,0.0,0.0,0.0,0.0,0.0,0.0,0.0,M7,1.0,1.0
M7,M5,0.5,M7:M7:M5,0.0,1.0,0.0,0.0,0.0,0.0,0.0,0.0,0.0,0.0,0.0,0.0,0.0,0.0,0.0,M7,1.0,1.0
M7,M6,0.5,M7:M7:M6,0.0,1.0,0.0,0.0,0.0,0.0,0.0,0.0,0.0,0.0,0.0,0.0,0.0,0.0,0.0,M7,1.0,1.0
M7,M8,0.5,M7:M7:M8,0.0,1.0,0.0,0.0,0.0,0.0,0.0,0.0,0.0,0.0,0.0,0.0,0.0,0.0,0.0,M7,1.0,1.0
M7,U8,0.5,M7:M7:U8,0.0,0.0,0.0,0.0,0.0,0.0,0.0,0.0,0.0,0.0,0.0,0.0,0.0,0.0,0.0,M7,0.0,0.0
M7,M32,0.5,M7:M7:M32,0.0,0.0,0.0,0.0,0.0,0.0,0.0,0.0,0.0,0.0,0.0,0.0,0.0,0.0,0.0,M7,0.0,0.0
M8,M4,0.5,M8:M8:M4,0.0,0.0,0.0,0.0,0.0,0.0,0.0,0.0,0.0,0.0,0.0,0.0,0.0,0.0,0.0,M8,0.0,0.0
M8,M5,0.5,M8:M8:M5,0.0,0.0,0.0,0.0,0.0,0.0,0.0,0.0,0.0,0.0,0.0,0.0,0.0,0.0,0.0,M8,0.0,0.0
M8,M6,0.5,M8:M8:M6,0.0,0.0,0.0,0.0,0.0,0.0,0.0,0.0,0.0,0.0,0.0,0.0,0.0,0.0,0.0,M8,0.0,0.0
M8,M7,0.5,M8:M8:M7,0.0,0.0,0.0,0.0,0.0,0.0,0.0,0.0,0.0,0.0,0.0,0.0,0.0,0.0,0.0,M8,0.0,0.0
M8,M19,0.5,M8:M8:M19,0.0,0.0,0.0,0.0,0.0,0.0,0.0,0.0,0.0,0.0,0.0,0.0,0.0,0.0,0.0,M8,0.0,0.0
M9,S27,0.5,M9:M9:S27,0.0,0.0,0.0,0.0,0.0,0.0,0.0,0.0,0.0,0.0,0.0,0.0,0.0,0.0,0.0,M9,0.0,0.0
M9,M4,0.5,M9:M9:M4,0.0,0.0,0.0,0.0,0.0,0.0,0.0,0.0,0.0,0.0,0.0,0.0,0.0,0.0,0.0,M9,0.0,0.0
M9,M5,0.5,M9:M9:M5,0.0,0.0,0.0,0.0,0.0,0.0,0.0,0.0,0.0,0.0,0.0,0.0,0.0,0.0,0.0,M9,0.0,0.0
M9,M6,0.5,M9:M9:M6,0.0,0.0,0.0,0.0,0.0,0.0,0.0,0.0,0.0,0.0,0.0,0.0,0.0,0.0,0.0,M9,0.0,0.0
M9,M7,0.5,M9:M9:M7,0.0,0.0,0.0,0.0,0.0,0.0,0.0,0.0,0.0,0.0,0.0,0.0,0.0,0.0,0.0,M9,0.0,0.0
M9,M8,0.5,M9:M9:M8,0.0,0.0,0.0,0.0,0.0,0.0,0.0,0.0,0.0,0.0,0.0,0.0,0.0,0.0,0.0,M9,0.0,0.0
M9,W3,0.5,M9:M9:W3,0.0,0.0,0.0,0.0,0.0,0.0,0.0,0.0,0.0,0.0,0.0,0.0,0.0,0.0,0.0,M9,0.0,0.0
M9,M10,0.5,M9:M9:M10,0.0,0.0,0.0,0.0,0.0,0.0,0.0,0.0,0.0,0.0,0.0,0.0,0.0,0.0,0.0,M9,0.0,0.0
M9,M26,0.5,M9:M9:M26,0.0,0.0,0.0,0.0,0.0,0.0,0.0,0.0,0.0,0.0,0.0,0.0,0.0,0.0,0.0,M9,0.0,0.0
M9,M27,0.5,M9:M9:M27,0.0,0.0,0.0,0.0,0.0,0.0,0.0,0.0,0.0,0.0,0.0,0.0,0.0,0.0,0.0,M9,0.0,0.0
M9,S24,0.5,M9:M9:S24,0.0,0.0,0.0,0.0,0.0,0.0,0.0,0.0,0.0,0.0,0.0,0.0,0.0,0.0,0.0,M9,0.0,0.0
M9,W2,0.5,M9:M9:W2,0.0,0.0,0.0,0.0,0.0,0.0,0.0,0.0,0.0,0.0,0.0,0.0,0.0,0.0,0.0,M9,0.0,0.0
M9,W4,0.5,M9:M9:W4,0.0,0.0,0.0,0.0,0.0,0.0,0.0,0.0,0.0,0.0,0.0,0.0,0.0,0.0,0.0,M9,0.0,0.0
MC1,MC8,0.5,MC1:MC1:MC8,0.0,0.0,1.0,0.0,0.0,0.0,0.0,0.0,0.0,0.0,0.0,0.0,0.0,0.0,0.0,MC1,0.0,0.0
MC1,MC5,0.5,MC1:MC1:MC5,0.0,0.0,1.0,0.0,0.0,0.0,0.0,0.0,0.0,0.0,0.0,0.0,0.0,0.0,0.0,MC1,0.0,0.0
MC10,MC8,0.5,MC10:MC10:MC8,0.0,1.0,1.0,0.0,0.0,0.0,0.0,0.0,0.0,0.0,0.0,0.0,0.0,0.0,0.0,MC10,1.0,1.0
MC10,MC9,0.5,MC10:MC10:MC9,0.0,1.0,1.0,0.0,0.0,0.0,0.0,0.0,0.0,0.0,0.0,0.0,0.0,0.0,0.0,MC10,1.0,1.0
MC11,MC9,0.5,MC11:MC11:MC9,0.0,0.0,1.0,0.0,0.0,0.0,0.0,0.0,0.0,0.0,0.0,0.0,0.0,0.0,0.0,MC11,0.0,0.0
MC12,MC9,0.5,MC12:MC12:MC9,0.0,0.0,1.0,0.0,0.0,0.0,0.0,0.0,0.0,0.0,0.0,0.0,0.0,0.0,0.0,MC12,0.0,0.0
MC2,MC8,0.5,MC2:MC2:MC8,0.0,0.0,1.0,0.0,0.0,0.0,0.0,0.0,0.0,0.0,0.0,0.0,0.0,0.0,0.0,MC2,0.0,0.0
MC2,MC3,0.5,MC2:MC2:MC3,0.0,0.0,1.0,0.0,0.0,0.0,0.0,0.0,0.0,0.0,0.0,0.0,0.0,0.0,0.0,MC2,0.0,0.0
MC3,MC2,0.5,MC3:MC3:MC2,0.0,0.0,1.0,0.0,0.0,0.0,0.0,0.0,0.0,0.0,0.0,0.0,0.0,0.0,0.0,MC3,0.0,0.0
MC3,MC8,0.5,MC3:MC3:MC8,0.0,0.0,1.0,0.0,0.0,0.0,0.0,0.0,0.0,0.0,0.0,0.0,0.0,0.0,0.0,MC3,0.0,0.0
MC4,MC8,0.5,MC4:MC4:MC8,0.0,0.0,1.0,0.0,0.0,0.0,0.0,0.0,0.0,0.0,0.0,0.0,0.0,0.0,0.0,MC4,0.0,0.0
MC4,MC11,0.5,MC4:MC4:MC11,0.0,0.0,1.0,0.0,0.0,0.0,0.0,0.0,0.0,0.0,0.0,0.0,0.0,0.0,0.0,MC4,0.0,0.0
MC5,MC8,0.5,MC5:MC5:MC8,0.0,0.0,1.0,0.0,0.0,0.0,0.0,0.0,0.0,0.0,0.0,0.0,0.0,0.0,0.0,MC5,0.0,0.0
MC5,MC9,0.5,MC5:MC5:MC9,0.0,0.0,1.0,0.0,0.0,0.0,0.0,0.0,0.0,0.0,0.0,0.0,0.0,0.0,0.0,MC5,0.0,0.0
MC5,MC11,0.5,MC5:MC5:MC11,0.0,0.0,1.0,0.0,0.0,0.0,0.0,0.0,0.0,0.0,0.0,0.0,0.0,0.0,0.0,MC5,0.0,0.0
MC6,MC2,0.5,MC6:MC6:MC2,0.0,0.0,1.0,0.0,0.0,0.0,0.0,0.0,0.0,0.0,0.0,0.0,0.0,0.0,0.0,MC6,0.0,0.0
MC6,MC8,0.5,MC6:MC6:MC8,0.0,0.0,1.0,0.0,0.0,0.0,0.0,0.0,0.0,0.0,0.0,0.0,0.0,0.0,0.0,MC6,0.0,0.0
MC6,SD2,0.5,MC6:MC6:SD2,0.0,0.0,1.0,0.0,0.0,0.0,0.0,0.0,0.0,0.0,0.0,0.0,0.0,0.0,0.0,MC6,0.0,0.0
MC6,SD3,0.5,MC6:MC6:SD3,0.0,0.0,1.0,0.0,0.0,0.0,0.0,0.0,0.0,0.0,0.0,0.0,0.0,0.0,0.0,MC6,0.0,0.0
MC8,MC2,0.5,MC8:MC8:MC2,0.0,1.0,1.0,0.0,1.0,0.0,0.0,0.0,0.0,0.0,0.0,0.0,0.0,0.0,0.0,MC8,2.0,2.0
MC8,MC9,0.5,MC8:MC8:MC9,0.0,0.0,1.0,0.0,0.0,0.0,0.0,0.0,0.0,0.0,0.0,0.0,0.0,0.0,0.0,MC8,0.0,0.0
MC8,MC11,0.5,MC8:MC8:MC11,0.0,0.0,1.0,0.0,0.0,0.0,0.0,0.0,0.0,0.0,0.0,0.0,0.0,0.0,0.0,MC8,0.0,0.0
MC8,MC10,0.5,MC8:MC8:MC10,0.0,1.0,1.0,0.0,0.0,0.0,0.0,0.0,0.0,0.0,0.0,0.0,0.0,0.0,0.0,MC8,1.0,1.0
MC8,MC5,0.5,MC8:MC8:MC5,0.0,0.0,1.0,0.0,0.0,0.0,0.0,0.0,0.0,0.0,0.0,0.0,0.0,0.0,0.0,MC8,0.0,0.0
MC9,MC8,0.5,MC9:MC9:MC8,0.0,0.0,1.0,0.0,0.0,0.0,0.0,0.0,0.0,0.0,0.0,0.0,0.0,0.0,0.0,MC9,0.0,0.0
MC9,MC10,0.5,MC9:MC9:MC10,0.0,0.0,1.0,0.0,0.0,0.0,0.0,0.0,0.0,0.0,0.0,0.0,0.0,0.0,0.0,MC9,0.0,0.0
MG1,CG2,0.5,MG1:MG1:CG2,0.0,1.0,0.0,0.0,0.0,0.0,0.0,0.0,0.0,0.0,0.0,0.0,0.0,0.0,0.0,MG1,1.0,1.0
MG1,MG5,0.5,MG1:MG1:MG5,0.0,1.0,0.0,0.0,0.0,0.0,0.0,0.0,0.0,0.0,0.0,0.0,0.0,0.0,0.0,MG1,1.0,1.0
MG10,MG6,0.5,MG10:MG10:MG6,1.0,0.0,0.0,1.0,0.0,1.0,0.0,0.0,0.0,0.0,0.0,0.0,0.0,0.0,0.0,MG10,3.0,3.0
MG10,MG5,0.5,MG10:MG10:MG5,1.0,0.0,0.0,0.0,0.0,0.0,0.0,0.0,0.0,0.0,0.0,0.0,0.0,0.0,0.0,MG10,1.0,1.0
MG10,U5,0.5,MG10:MG10:U5,0.0,0.0,0.0,0.0,0.0,0.0,0.0,0.0,0.0,0.0,0.0,0.0,0.0,0.0,0.0,MG10,0.0,0.0
MG10,U4,0.5,MG10:MG10:U4,0.0,0.0,0.0,0.0,0.0,0.0,0.0,0.0,0.0,0.0,0.0,0.0,0.0,0.0,0.0,MG10,0.0,0.0
MG11,MG13,0.5,MG11:MG11:MG13,0.0,0.0,0.0,0.0,0.0,0.0,0.0,0.0,0.0,0.0,0.0,0.0,0.0,0.0,0.0,MG11,0.0,0.0
MG11,MG6,0.5,MG11:MG11:MG6,0.0,0.0,0.0,0.0,0.0,0.0,0.0,0.0,0.0,0.0,0.0,0.0,0.0,0.0,0.0,MG11,0.0,0.0
MG11,MG12,0.5,MG11:MG11:MG12,0.0,0.0,0.0,0.0,0.0,0.0,0.0,0.0,0.0,0.0,0.0,0.0,0.0,0.0,0.0,MG11,0.0,0.0
MG12,MG11,0.5,MG12:MG12:MG11,0.0,1.0,0.0,0.0,0.0,0.0,0.0,0.0,0.0,0.0,0.0,0.0,0.0,0.0,0.0,MG12,1.0,1.0
MG12,SM18,0.5,MG12:MG12:SM18,0.0,0.0,0.0,0.0,0.0,0.0,0.0,0.0,0.0,0.0,0.0,0.0,0.0,0.0,0.0,MG12,0.0,0.0
MG13,MG6,0.5,MG13:MG13:MG6,0.0,0.0,0.0,0.0,0.0,0.0,0.0,0.0,0.0,0.0,0.0,0.0,0.0,0.0,0.0,MG13,0.0,0.0
MG13,MG11,0.5,MG13:MG13:MG11,0.0,0.0,0.0,0.0,0.0,0.0,0.0,0.0,0.0,0.0,0.0,0.0,0.0,0.0,0.0,MG13,0.0,0.0
MG2,W8,0.5,MG2:MG2:W8,0.0,0.0,0.0,0.0,0.0,0.0,0.0,0.0,0.0,0.0,0.0,0.0,0.0,0.0,0.0,MG2,0.0,0.0
MG3,M10,0.5,MG3:MG3:M10,0.0,0.0,0.0,0.0,0.0,0.0,0.0,0.0,0.0,0.0,0.0,0.0,0.0,0.0,0.0,MG3,0.0,0.0
MG3,M26,0.5,MG3:MG3:M26,0.0,0.0,0.0,0.0,0.0,0.0,0.0,0.0,0.0,0.0,0.0,0.0,0.0,0.0,0.0,MG3,0.0,0.0
MG3,W9,0.5,MG3:MG3:W9,0.0,0.0,0.0,0.0,0.0,0.0,0.0,0.0,1.0,1.0,0.0,0.0,0.0,0.0,0.0,MG3,2.0,2.0
MG3,W7,0.5,MG3:MG3:W7,0.0,0.0,0.0,0.0,0.0,0.0,0.0,0.0,1.0,1.0,0.0,0.0,0.0,0.0,0.0,MG3,2.0,2.0
MG3,U4,0.5,MG3:MG3:U4,0.0,0.0,0.0,0.0,0.0,0.0,0.0,0.0,0.0,0.0,0.0,0.0,0.0,0.0,0.0,MG3,0.0,0.0
MG3,MG6,0.5,MG3:MG3:MG6,0.0,0.0,0.0,0.0,0.0,0.0,0.0,0.0,0.0,0.0,0.0,0.0,0.0,0.0,0.0,MG3,0.0,0.0
MG4,MG9,0.5,MG4:MG4:MG9,0.0,1.0,0.0,0.0,1.0,0.0,0.0,0.0,0.0,0.0,0.0,0.0,0.0,0.0,0.0,MG4,2.0,2.0
MG4,MG10,0.5,MG4:MG4:MG10,0.0,0.0,0.0,0.0,0.0,0.0,0.0,0.0,0.0,0.0,0.0,0.0,0.0,0.0,0.0,MG4,0.0,0.0
MG4,S7,0.5,MG4:MG4:S7,0.0,0.0,0.0,0.0,0.0,0.0,0.0,0.0,0.0,0.0,0.0,0.0,0.0,0.0,0.0,MG4,0.0,0.0
MG4,MG6,0.5,MG4:MG4:MG6,1.0,1.0,0.0,0.0,0.0,0.0,0.0,0.0,0.0,0.0,0.0,0.0,0.0,0.0,0.0,MG4,2.0,2.0
MG5,MG10,0.5,MG5:MG5:MG10,0.0,0.0,0.0,0.0,0.0,0.0,0.0,0.0,0.0,0.0,0.0,0.0,0.0,0.0,0.0,MG5,0.0,0.0
MG5,MG6,0.5,MG5:MG5:MG6,0.0,0.0,0.0,0.0,0.0,0.0,0.0,0.0,0.0,0.0,0.0,1.0,0.0,0.0,0.0,MG5,1.0,1.0
MG6,MG5,0.5,MG6:MG6:MG5,0.0,1.0,0.0,0.0,1.0,0.0,0.0,0.0,0.0,0.0,0.0,1.0,1.0,0.0,0.0,MG6,4.0,4.0
MG6,MG9,0.5,MG6:MG6:MG9,0.0,0.0,0.0,1.0,0.0,0.0,0.0,0.0,0.0,0.0,1.0,0.0,0.0,0.0,0.0,MG6,2.0,2.0
MG6,MG10,0.5,MG6:MG6:MG10,0.0,0.0,0.0,1.0,0.0,0.0,0.0,0.0,0.0,0.0,1.0,0.0,0.0,0.0,0.0,MG6,2.0,2.0
MG6,MG7,0.5,MG6:MG6:MG7,0.0,1.0,0.0,0.0,0.0,0.0,0.0,0.0,0.0,0.0,0.0,0.0,0.0,0.0,0.0,MG6,1.0,1.0
MG8,MG6,0.5,MG8:MG8:MG6,1.0,0.0,0.0,0.0,0.0,0.0,1.0,0.0,0.0,0.0,0.0,0.0,0.0,0.0,0.0,MG8,1.0,1.0
MG9,MG6,0.5,MG9:MG9:MG6,0.0,0.0,0.0,0.0,0.0,0.0,0.0,0.0,0.0,0.0,0.0,0.0,0.0,0.0,0.0,MG9,0.0,0.0
MG9,W7,0.5,MG9:MG9:W7,0.0,0.0,0.0,0.0,0.0,0.0,0.0,0.0,0.0,0.0,0.0,0.0,0.0,0.0,0.0,MG9,0.0,0.0
MG9,W8,0.5,MG9:MG9:W8,0.0,0.0,0.0,0.0,0.0,0.0,0.0,0.0,0.0,0.0,0.0,0.0,0.0,0.0,0.0,MG9,0.0,0.0
OV1,U1,0.5,OV1:OV1:U1,0.0,0.0,0.0,0.0,0.0,0.0,0.0,0.0,0.0,0.0,0.0,0.0,0.0,0.0,0.0,OV1,0.0,0.0
OV10,OV25,0.5,OV10:OV10:OV25,0.0,0.0,0.0,0.0,0.0,0.0,0.0,0.0,0.0,0.0,0.0,0.0,0.0,0.0,0.0,OV10,0.0,0.0
OV10,OV18,0.5,OV10:OV10:OV18,0.0,0.0,0.0,0.0,0.0,0.0,0.0,0.0,0.0,0.0,0.0,0.0,0.0,0.0,0.0,OV10,0.0,0.0
OV10,OV21,0.5,OV10:OV10:OV21,0.0,0.0,0.0,0.0,0.0,0.0,0.0,0.0,0.0,0.0,0.0,0.0,0.0,0.0,0.0,OV10,0.0,0.0
OV10,MG7,0.5,OV10:OV10:MG7,0.0,0.0,0.0,0.0,0.0,0.0,0.0,0.0,0.0,0.0,0.0,0.0,0.0,0.0,0.0,OV10,0.0,0.0
OV10,OV23,0.5,OV10:OV10:OV23,0.0,0.0,0.0,0.0,0.0,0.0,0.0,0.0,0.0,0.0,0.0,0.0,0.0,0.0,0.0,OV10,0.0,0.0
OV11,OV9,0.5,OV11:OV11:OV9,0.0,0.0,0.0,0.0,0.0,0.0,0.0,0.0,0.0,0.0,0.0,0.0,0.0,0.0,0.0,OV11,0.0,0.0
OV12,MG7,0.5,OV12:OV12:MG7,0.0,0.0,0.0,0.0,0.0,0.0,0.0,0.0,0.0,0.0,0.0,0.0,0.0,0.0,0.0,OV12,0.0,0.0
OV12,OV18,0.5,OV12:OV12:OV18,0.0,0.0,0.0,0.0,0.0,0.0,0.0,0.0,0.0,0.0,0.0,0.0,0.0,0.0,0.0,OV12,0.0,0.0
OV12,OV28,0.5,OV12:OV12:OV28,0.0,0.0,0.0,0.0,0.0,0.0,0.0,0.0,0.0,0.0,0.0,0.0,0.0,0.0,0.0,OV12,0.0,0.0
OV12,OV33,0.5,OV12:OV12:OV33,0.0,0.0,0.0,0.0,0.0,0.0,0.0,0.0,0.0,0.0,0.0,0.0,0.0,0.0,0.0,OV12,0.0,0.0
OV12,OV25,0.5,OV12:OV12:OV25,0.0,0.0,0.0,0.0,0.0,0.0,0.0,0.0,0.0,0.0,0.0,0.0,0.0,0.0,0.0,OV12,0.0,0.0
OV12,OV23,0.5,OV12:OV12:OV23,0.0,0.0,0.0,0.0,0.0,0.0,0.0,0.0,0.0,0.0,0.0,0.0,0.0,0.0,0.0,OV12,0.0,0.0
OV13,OV6,0.5,OV13:OV13:OV6,0.0,0.0,0.0,0.0,0.0,0.0,0.0,0.0,0.0,0.0,0.0,0.0,0.0,0.0,0.0,OV13,0.0,0.0
OV16,OV14,0.5,OV16:OV16:OV14,0.0,0.0,0.0,0.0,0.0,0.0,0.0,0.0,0.0,0.0,0.0,0.0,0.0,0.0,0.0,OV16,0.0,0.0
OV16,OV9,0.5,OV16:OV16:OV9,0.0,0.0,0.0,0.0,0.0,0.0,0.0,0.0,0.0,0.0,0.0,0.0,0.0,0.0,0.0,OV16,0.0,0.0
OV17,OV9,0.5,OV17:OV17:OV9,0.0,0.0,0.0,0.0,0.0,0.0,0.0,0.0,0.0,0.0,0.0,0.0,0.0,0.0,0.0,OV17,0.0,0.0
OV18,OV21,0.5,OV18:OV18:OV21,0.0,1.0,0.0,0.0,0.0,0.0,0.0,0.0,0.0,1.0,0.0,0.0,0.0,0.0,0.0,OV18,2.0,2.0
OV18,MG6,0.5,OV18:OV18:MG6,0.0,0.0,0.0,0.0,0.0,0.0,0.0,0.0,0.0,0.0,0.0,0.0,0.0,0.0,0.0,OV18,0.0,0.0
OV18,OV23,0.5,OV18:OV18:OV23,0.0,0.0,0.0,0.0,0.0,0.0,0.0,0.0,0.0,0.0,0.0,0.0,0.0,0.0,0.0,OV18,0.0,0.0
OV18,OV22,0.5,OV18:OV18:OV22,0.0,0.0,0.0,0.0,0.0,0.0,0.0,0.0,0.0,0.0,0.0,0.0,0.0,0.0,0.0,OV18,0.0,0.0
OV18,OV10,0.5,OV18:OV18:OV10,0.0,0.0,0.0,0.0,0.0,0.0,0.0,0.0,0.0,0.0,0.0,0.0,0.0,0.0,0.0,OV18,0.0,0.0
OV18,W24,0.5,OV18:OV18:W24,0.0,0.0,0.0,0.0,0.0,0.0,0.0,0.0,0.0,0.0,0.0,0.0,0.0,0.0,0.0,OV18,0.0,0.0
OV19,OV23,0.5,OV19:OV19:OV23,0.0,0.0,0.0,0.0,0.0,0.0,0.0,0.0,0.0,0.0,0.0,0.0,0.0,0.0,0.0,OV19,0.0,0.0
OV19,OV18,0.5,OV19:OV19:OV18,0.0,0.0,0.0,0.0,0.0,0.0,0.0,0.0,0.0,0.0,0.0,0.0,0.0,0.0,0.0,OV19,0.0,0.0
OV19,OV21,0.5,OV19:OV19:OV21,0.0,0.0,0.0,0.0,0.0,0.0,0.0,0.0,0.0,0.0,0.0,0.0,0.0,0.0,0.0,OV19,0.0,0.0
OV19,MG7,0.5,OV19:OV19:MG7,0.0,0.0,0.0,0.0,0.0,0.0,0.0,0.0,0.0,0.0,0.0,0.0,0.0,0.0,0.0,OV19,0.0,0.0
OV2,OV6,0.5,OV2:OV2:OV6,0.0,0.0,0.0,0.0,0.0,0.0,0.0,0.0,0.0,0.0,0.0,0.0,0.0,0.0,0.0,OV2,0.0,0.0
OV20,OV22,0.5,OV20:OV20:OV22,0.0,0.0,0.0,0.0,0.0,0.0,0.0,0.0,0.0,0.0,0.0,0.0,0.0,0.0,0.0,OV20,0.0,0.0
OV20,MG7,0.5,OV20:OV20:MG7,0.0,0.0,0.0,0.0,0.0,0.0,0.0,0.0,0.0,0.0,0.0,0.0,0.0,0.0,0.0,OV20,0.0,0.0
OV20,OV21,0.5,OV20:OV20:OV21,0.0,0.0,0.0,0.0,0.0,0.0,0.0,0.0,0.0,0.0,0.0,0.0,0.0,0.0,0.0,OV20,0.0,0.0
OV20,OV18,0.5,OV20:OV20:OV18,0.0,0.0,0.0,0.0,0.0,0.0,0.0,0.0,0.0,0.0,0.0,0.0,0.0,0.0,0.0,OV20,0.0,0.0
OV20,OV23,0.5,OV20:OV20:OV23,0.0,0.0,0.0,0.0,0.0,0.0,0.0,0.0,0.0,0.0,0.0,0.0,0.0,0.0,0.0,OV20,0.0,0.0
OV21,OV23,0.5,OV21:OV21:OV23,0.0,0.0,0.0,0.0,0.0,0.0,0.0,0.0,0.0,0.0,0.0,0.0,0.0,0.0,0.0,OV21,0.0,0.0
OV21,OV22,0.5,OV21:OV21:OV22,0.0,0.0,0.0,0.0,0.0,0.0,0.0,0.0,0.0,0.0,0.0,0.0,0.0,0.0,0.0,OV21,0.0,0.0
OV21,MG11,0.5,OV21:OV21:MG11,1.0,0.0,0.0,0.0,0.0,0.0,0.0,0.0,0.0,0.0,0.0,0.0,0.0,0.0,0.0,OV21,1.0,1.0
OV21,MG6,0.5,OV21:OV21:MG6,0.0,0.0,0.0,0.0,0.0,0.0,0.0,0.0,0.0,0.0,0.0,0.0,0.0,0.0,0.0,OV21,0.0,0.0
OV21,OV24,0.5,OV21:OV21:OV24,0.0,0.0,0.0,0.0,0.0,0.0,0.0,0.0,0.0,0.0,0.0,0.0,0.0,0.0,0.0,OV21,0.0,0.0
OV21,OV25,0.5,OV21:OV21:OV25,0.0,0.0,0.0,0.0,0.0,0.0,0.0,0.0,0.0,0.0,0.0,0.0,0.0,0.0,0.0,OV21,0.0,0.0
OV21,OV28,0.5,OV21:OV21:OV28,1.0,0.0,0.0,0.0,0.0,0.0,0.0,0.0,0.0,0.0,0.0,0.0,0.0,0.0,0.0,OV21,1.0,1.0
OV21,OV33,0.5,OV21:OV21:OV33,1.0,0.0,0.0,0.0,0.0,0.0,0.0,0.0,0.0,0.0,0.0,0.0,0.0,0.0,0.0,OV21,1.0,1.0
OV22,MG7,0.5,OV22:OV22:MG7,0.0,0.0,0.0,0.0,0.0,0.0,0.0,0.0,0.0,0.0,0.0,0.0,0.0,0.0,0.0,OV22,0.0,0.0
OV22,OV18,0.5,OV22:OV22:OV18,0.0,0.0,0.0,0.0,0.0,0.0,0.0,0.0,0.0,0.0,0.0,0.0,0.0,0.0,0.0,OV22,0.0,0.0
OV22,OV21,0.5,OV22:OV22:OV21,0.0,0.0,0.0,0.0,0.0,0.0,0.0,0.0,0.0,0.0,0.0,0.0,0.0,0.0,0.0,OV22,0.0,0.0
OV22,OV25,0.5,OV22:OV22:OV25,0.0,0.0,0.0,0.0,0.0,0.0,0.0,0.0,0.0,0.0,0.0,0.0,0.0,0.0,0.0,OV22,0.0,0.0
OV23,OV21,0.5,OV23:OV23:OV21,0.0,0.0,1.0,0.0,0.0,0.0,0.0,0.0,0.0,0.0,0.0,0.0,0.0,0.0,0.0,OV23,0.0,0.0
OV23,OV18,0.5,OV23:OV23:OV18,0.0,0.0,1.0,0.0,0.0,0.0,0.0,0.0,0.0,0.0,0.0,0.0,0.0,0.0,0.0,OV23,0.0,0.0
OV23,OV22,0.5,OV23:OV23:OV22,0.0,0.0,1.0,0.0,0.0,0.0,0.0,0.0,0.0,0.0,0.0,0.0,0.0,0.0,0.0,OV23,0.0,0.0
OV23,OV24,0.5,OV23:OV23:OV24,0.0,0.0,1.0,0.0,0.0,0.0,0.0,0.0,0.0,0.0,0.0,0.0,0.0,0.0,0.0,OV23,0.0,0.0
OV23,OV19,0.5,OV23:OV23:OV19,0.0,0.0,1.0,0.0,0.0,0.0,0.0,0.0,0.0,0.0,0.0,0.0,0.0,0.0,0.0,OV23,0.0,0.0
OV23,W24,0.5,OV23:OV23:W24,0.0,0.0,1.0,0.0,0.0,0.0,0.0,0.0,0.0,0.0,0.0,0.0,0.0,0.0,0.0,OV23,0.0,0.0
OV23,W21,0.5,OV23:OV23:W21,0.0,0.0,1.0,0.0,0.0,0.0,0.0,0.0,0.0,0.0,0.0,0.0,0.0,0.0,0.0,OV23,0.0,0.0
OV24,OV23,0.5,OV24:OV24:OV23,0.0,0.0,0.0,0.0,0.0,0.0,0.0,0.0,0.0,0.0,0.0,0.0,0.0,0.0,0.0,OV24,0.0,0.0
OV24,W24,0.5,OV24:OV24:W24,0.0,0.0,0.0,0.0,0.0,0.0,0.0,0.0,0.0,0.0,0.0,0.0,0.0,0.0,0.0,OV24,0.0,0.0
OV24,OV25,0.5,OV24:OV24:OV25,0.0,0.0,0.0,0.0,0.0,0.0,0.0,0.0,0.0,0.0,0.0,0.0,0.0,0.0,0.0,OV24,0.0,0.0
OV24,S26,0.5,OV24:OV24:S26,0.0,0.0,0.0,0.0,0.0,0.0,0.0,0.0,0.0,0.0,0.0,0.0,0.0,0.0,0.0,OV24,0.0,0.0
OV24,W6,0.5,OV24:OV24:W6,0.0,0.0,0.0,0.0,0.0,0.0,0.0,0.0,0.0,0.0,0.0,0.0,0.0,0.0,0.0,OV24,0.0,0.0
OV25,MG6,0.5,OV25:OV25:MG6,0.0,0.0,1.0,0.0,0.0,0.0,0.0,0.0,0.0,0.0,0.0,0.0,0.0,0.0,0.0,OV25,0.0,0.0
OV25,MG7,0.5,OV25:OV25:MG7,0.0,0.0,1.0,0.0,0.0,0.0,0.0,0.0,0.0,0.0,0.0,0.0,0.0,0.0,0.0,OV25,0.0,0.0
OV25,OV23,0.5,OV25:OV25:OV23,0.0,0.0,1.0,0.0,0.0,0.0,0.0,0.0,0.0,0.0,0.0,0.0,0.0,0.0,0.0,OV25,0.0,0.0
OV25,OV19,0.5,OV25:OV25:OV19,0.0,0.0,1.0,0.0,0.0,0.0,0.0,0.0,0.0,0.0,0.0,0.0,0.0,0.0,0.0,OV25,0.0,0.0
OV25,W24,0.5,OV25:OV25:W24,0.0,0.0,1.0,0.0,0.0,0.0,0.0,0.0,0.0,0.0,0.0,0.0,0.0,0.0,0.0,OV25,0.0,0.0
OV25,W21,0.5,OV25:OV25:W21,0.0,0.0,1.0,0.0,0.0,0.0,0.0,0.0,0.0,0.0,0.0,0.0,0.0,0.0,0.0,OV25,0.0,0.0
OV25,W10,0.5,OV25:OV25:W10,0.0,0.0,1.0,0.0,0.0,0.0,0.0,0.0,0.0,0.0,0.0,0.0,0.0,0.0,0.0,OV25,0.0,0.0
OV25,W14,0.5,OV25:OV25:W14,0.0,0.0,1.0,0.0,0.0,0.0,0.0,0.0,0.0,0.0,0.0,0.0,0.0,0.0,0.0,OV25,0.0,0.0
OV26,S25,0.5,OV26:OV26:S25,0.0,0.0,0.0,0.0,0.0,0.0,0.0,0.0,0.0,0.0,0.0,0.0,0.0,0.0,0.0,OV26,0.0,0.0
OV26,S26,0.5,OV26:OV26:S26,0.0,0.0,0.0,0.0,0.0,0.0,0.0,0.0,0.0,0.0,0.0,0.0,0.0,0.0,0.0,OV26,0.0,0.0
OV26,M27,0.5,OV26:OV26:M27,0.0,1.0,0.0,0.0,0.0,0.0,0.0,0.0,0.0,0.0,0.0,0.0,0.0,0.0,0.0,OV26,1.0,1.0
OV26,M22,0.5,OV26:OV26:M22,0.0,1.0,0.0,0.0,0.0,0.0,0.0,0.0,0.0,0.0,0.0,0.0,0.0,0.0,0.0,OV26,1.0,1.0
OV26,MG10,0.5,OV26:OV26:MG10,0.0,1.0,0.0,0.0,0.0,0.0,0.0,0.0,0.0,0.0,0.0,0.0,0.0,0.0,0.0,OV26,1.0,1.0
OV26,W5,0.5,OV26:OV26:W5,0.0,0.0,0.0,0.0,0.0,0.0,0.0,0.0,0.0,0.0,0.0,0.0,0.0,0.0,0.0,OV26,0.0,0.0
OV26,W6,0.5,OV26:OV26:W6,0.0,0.0,0.0,1.0,0.0,0.0,0.0,0.0,0.0,0.0,0.0,0.0,0.0,0.0,0.0,OV26,1.0,1.0
OV27,W10,0.5,OV27:OV27:W10,0.0,0.0,1.0,0.0,0.0,0.0,0.0,1.0,1.0,0.0,0.0,0.0,0.0,0.0,0.0,OV27,2.0,2.0
OV27,W11,0.5,OV27:OV27:W11,0.0,0.0,1.0,0.0,0.0,0.0,0.0,1.0,1.0,0.0,0.0,0.0,0.0,0.0,0.0,OV27,2.0,2.0
OV27,W16,0.5,OV27:OV27:W16,0.0,0.0,1.0,0.0,0.0,0.0,0.0,1.0,1.0,0.0,0.0,0.0,0.0,0.0,0.0,OV27,2.0,2.0
OV27,W24,0.5,OV27:OV27:W24,0.0,1.0,1.0,0.0,0.0,0.0,0.0,0.0,0.0,0.0,0.0,0.0,0.0,0.0,0.0,OV27,1.0,1.0
OV27,U1,0.5,OV27:OV27:U1,0.0,1.0,1.0,0.0,0.0,0.0,0.0,0.0,0.0,0.0,0.0,0.0,0.0,0.0,0.0,OV27,1.0,1.0
OV27,H1,0.5,OV27:OV27:H1,0.0,0.0,1.0,0.0,0.0,0.0,0.0,1.0,0.0,0.0,0.0,0.0,0.0,0.0,0.0,OV27,1.0,1.0
OV27,H2,0.5,OV27:OV27:H2,0.0,0.0,1.0,0.0,0.0,0.0,0.0,1.0,0.0,0.0,0.0,0.0,0.0,0.0,0.0,OV27,1.0,1.0
OV27,H8,0.5,OV27:OV27:H8,0.0,0.0,1.0,0.0,0.0,0.0,0.0,1.0,0.0,0.0,0.0,0.0,0.0,0.0,0.0,OV27,1.0,1.0
OV27,H10,0.5,OV27:OV27:H10,0.0,0.0,1.0,0.0,0.0,0.0,0.0,1.0,0.0,0.0,0.0,0.0,0.0,0.0,0.0,OV27,1.0,1.0
OV27,W23,0.5,OV27:OV27:W23,0.0,1.0,1.0,0.0,0.0,0.0,0.0,0.0,0.0,0.0,0.0,0.0,0.0,0.0,0.0,OV27,1.0,1.0
OV27,U4,0.5,OV27:OV27:U4,0.0,1.0,1.0,0.0,0.0,0.0,0.0,0.0,0.0,0.0,0.0,0.0,0.0,0.0,0.0,OV27,1.0,1.0
OV27,W8,0.5,OV27:OV27:W8,0.0,0.0,1.0,0.0,0.0,0.0,0.0,1.0,0.0,0.0,0.0,0.0,0.0,0.0,0.0,OV27,1.0,1.0
OV27,W12,0.5,OV27:OV27:W12,0.0,0.0,1.0,0.0,0.0,0.0,0.0,1.0,0.0,0.0,0.0,0.0,0.0,0.0,0.0,OV27,1.0,1.0
OV27,W21,0.5,OV27:OV27:W21,0.0,0.0,1.0,0.0,0.0,0.0,0.0,0.0,0.0,0.0,0.0,0.0,0.0,0.0,0.0,OV27,0.0,0.0
OV27,OV25,0.5,OV27:OV27:OV25,0.0,0.0,1.0,0.0,0.0,0.0,0.0,0.0,0.0,0.0,0.0,0.0,0.0,0.0,0.0,OV27,0.0,0.0
OV27,OV24,0.5,OV27:OV27:OV24,0.0,0.0,1.0,0.0,0.0,0.0,0.0,0.0,0.0,0.0,0.0,0.0,0.0,0.0,0.0,OV27,0.0,0.0
OV27,SD7,0.5,OV27:OV27:SD7,0.0,0.0,1.0,0.0,0.0,0.0,0.0,0.0,0.0,0.0,0.0,0.0,0.0,0.0,0.0,OV27,0.0,0.0
OV27,SD8,0.5,OV27:OV27:SD8,0.0,0.0,1.0,0.0,0.0,0.0,0.0,0.0,0.0,0.0,0.0,0.0,0.0,0.0,0.0,OV27,0.0,0.0
OV27,SD9,0.5,OV27:OV27:SD9,0.0,0.0,1.0,0.0,0.0,0.0,0.0,0.0,0.0,0.0,0.0,0.0,0.0,0.0,0.0,OV27,0.0,0.0
OV28,MG11,0.5,OV28:OV28:MG11,1.0,1.0,0.0,0.0,0.0,0.0,0.0,0.0,0.0,0.0,0.0,0.0,0.0,0.0,0.0,OV28,2.0,2.0
OV28,OV21,0.5,OV28:OV28:OV21,1.0,1.0,0.0,0.0,0.0,0.0,0.0,0.0,0.0,0.0,0.0,0.0,0.0,0.0,0.0,OV28,2.0,2.0
OV28,OV18,0.5,OV28:OV28:OV18,1.0,0.0,0.0,0.0,0.0,0.0,0.0,0.0,0.0,0.0,0.0,0.0,0.0,0.0,0.0,OV28,1.0,1.0
OV28,MG13,0.5,OV28:OV28:MG13,0.0,0.0,0.0,0.0,0.0,0.0,0.0,0.0,0.0,0.0,0.0,0.0,0.0,0.0,0.0,OV28,0.0,0.0
OV28,OV9,0.5,OV28:OV28:OV9,0.0,0.0,0.0,0.0,0.0,0.0,0.0,0.0,0.0,0.0,0.0,0.0,0.0,0.0,0.0,OV28,0.0,0.0
OV28,OV33,0.5,OV28:OV28:OV33,0.0,0.0,0.0,0.0,0.0,0.0,0.0,0.0,0.0,0.0,0.0,0.0,0.0,0.0,0.0,OV28,0.0,0.0
OV29,OV33,0.5,OV29:OV29:OV33,0.0,0.0,0.0,0.0,0.0,0.0,0.0,0.0,0.0,0.0,0.0,0.0,0.0,0.0,0.0,OV29,0.0,0.0
OV29,MG11,0.5,OV29:OV29:MG11,1.0,0.0,0.0,0.0,0.0,0.0,1.0,0.0,0.0,0.0,0.0,0.0,0.0,0.0,0.0,OV29,1.0,1.0
OV29,MG13,0.5,OV29:OV29:MG13,0.0,0.0,0.0,0.0,0.0,0.0,0.0,0.0,0.0,0.0,0.0,0.0,0.0,0.0,0.0,OV29,0.0,0.0
OV3,OV25,0.5,OV3:OV3:OV25,0.0,0.0,0.0,0.0,0.0,0.0,0.0,0.0,0.0,0.0,0.0,0.0,0.0,0.0,0.0,OV3,0.0,0.0
OV30,MG13,0.5,OV30:OV30:MG13,0.0,0.0,0.0,0.0,0.0,0.0,0.0,0.0,0.0,0.0,0.0,0.0,0.0,0.0,0.0,OV30,0.0,0.0
OV30,MG7,0.5,OV30:OV30:MG7,0.0,0.0,0.0,0.0,0.0,0.0,0.0,0.0,0.0,0.0,0.0,0.0,0.0,0.0,0.0,OV30,0.0,0.0
OV31,A10,0.5,OV31:OV31:A10,0.0,0.0,0.0,0.0,0.0,0.0,0.0,0.0,0.0,0.0,0.0,0.0,0.0,0.0,0.0,OV31,0.0,0.0
OV31,OV33,0.5,OV31:OV31:OV33,0.0,0.0,0.0,0.0,0.0,0.0,0.0,0.0,0.0,0.0,0.0,0.0,0.0,0.0,0.0,OV31,0.0,0.0
OV31,MG7,0.5,OV31:OV31:MG7,1.0,0.0,0.0,0.0,0.0,0.0,0.0,0.0,0.0,0.0,0.0,0.0,0.0,0.0,0.0,OV31,1.0,1.0
OV32,MG7,0.5,OV32:OV32:MG7,0.0,0.0,0.0,0.0,0.0,0.0,0.0,0.0,0.0,0.0,0.0,0.0,0.0,0.0,0.0,OV32,0.0,0.0
OV33,OV18,0.5,OV33:OV33:OV18,0.0,0.0,0.0,0.0,0.0,0.0,0.0,0.0,0.0,0.0,0.0,0.0,0.0,0.0,0.0,OV33,0.0,0.0
OV33,OV21,0.5,OV33:OV33:OV21,0.0,0.0,0.0,0.0,0.0,0.0,0.0,0.0,0.0,0.0,0.0,0.0,0.0,0.0,0.0,OV33,0.0,0.0
OV33,MG7,0.5,OV33:OV33:MG7,0.0,0.0,0.0,0.0,0.0,0.0,0.0,0.0,0.0,0.0,0.0,0.0,0.0,0.0,0.0,OV33,0.0,0.0
OV33,OV10,0.5,OV33:OV33:OV10,0.0,0.0,0.0,0.0,0.0,0.0,0.0,0.0,0.0,0.0,0.0,0.0,0.0,0.0,0.0,OV33,0.0,0.0
OV33,OV12,0.5,OV33:OV33:OV12,0.0,0.0,0.0,0.0,0.0,0.0,0.0,0.0,0.0,0.0,0.0,0.0,0.0,0.0,0.0,OV33,0.0,0.0
OV34,H6,0.5,OV34:OV34:H6,0.0,0.0,1.0,0.0,0.0,0.0,0.0,0.0,0.0,0.0,0.0,0.0,0.0,0.0,0.0,OV34,0.0,0.0
OV34,H7,0.5,OV34:OV34:H7,0.0,0.0,1.0,0.0,0.0,0.0,0.0,0.0,0.0,0.0,0.0,0.0,0.0,0.0,0.0,OV34,0.0,0.0
OV35,MG10,0.5,OV35:OV35:MG10,1.0,0.0,0.0,0.0,0.0,0.0,0.0,0.0,0.0,0.0,0.0,0.0,0.0,0.0,0.0,OV35,1.0,1.0
OV36,OV9,0.5,OV36:OV36:OV9,0.0,0.0,0.0,0.0,0.0,0.0,0.0,0.0,0.0,0.0,0.0,0.0,0.0,0.0,0.0,OV36,0.0,0.0
OV37,CG2,0.5,OV37:OV37:CG2,0.0,0.0,1.0,0.0,0.0,0.0,1.0,0.0,0.0,0.0,0.0,0.0,0.0,0.0,0.0,OV37,0.0,0.0
OV37,U4,0.5,OV37:OV37:U4,0.0,1.0,1.0,0.0,0.0,0.0,0.0,0.0,0.0,0.0,0.0,0.0,0.0,0.0,0.0,OV37,1.0,1.0
OV37,H2,0.5,OV37:OV37:H2,0.0,0.0,1.0,0.0,0.0,0.0,0.0,0.0,0.0,0.0,0.0,0.0,0.0,0.0,0.0,OV37,0.0,0.0
OV37,H8,0.5,OV37:OV37:H8,0.0,0.0,1.0,0.0,0.0,0.0,0.0,0.0,0.0,0.0,0.0,0.0,0.0,0.0,0.0,OV37,0.0,0.0
OV37,CG9,0.5,OV37:OV37:CG9,0.0,1.0,1.0,0.0,0.0,0.0,0.0,0.0,0.0,0.0,0.0,0.0,0.0,0.0,0.0,OV37,1.0,1.0
OV37,CG10,0.5,OV37:OV37:CG10,0.0,1.0,1.0,0.0,0.0,0.0,0.0,0.0,0.0,0.0,0.0,0.0,0.0,0.0,0.0,OV37,1.0,1.0
OV37,H12,0.5,OV37:OV37:H12,0.0,1.0,1.0,0.0,0.0,0.0,0.0,0.0,0.0,0.0,0.0,0.0,0.0,0.0,0.0,OV37,1.0,1.0
OV37,W21,0.5,OV37:OV37:W21,0.0,0.0,1.0,0.0,0.0,0.0,0.0,0.0,0.0,0.0,0.0,0.0,0.0,0.0,0.0,OV37,0.0,0.0
OV37,W8,0.5,OV37:OV37:W8,0.0,0.0,1.0,0.0,0.0,0.0,0.0,0.0,0.0,0.0,0.0,0.0,0.0,0.0,0.0,OV37,0.0,0.0
OV37,W9,0.5,OV37:OV37:W9,0.0,0.0,1.0,0.0,0.0,0.0,0.0,0.0,0.0,0.0,0.0,0.0,0.0,0.0,0.0,OV37,0.0,0.0
OV38,W21,0.5,OV38:OV38:W21,0.0,0.0,1.0,0.0,0.0,0.0,0.0,0.0,0.0,0.0,0.0,0.0,0.0,0.0,0.0,OV38,0.0,0.0
OV38,W8,0.5,OV38:OV38:W8,0.0,0.0,1.0,0.0,0.0,0.0,0.0,0.0,0.0,0.0,0.0,0.0,0.0,0.0,0.0,OV38,0.0,0.0
OV38,CG2,0.5,OV38:OV38:CG2,0.0,0.0,1.0,0.0,0.0,0.0,0.0,0.0,0.0,0.0,0.0,0.0,0.0,0.0,0.0,OV38,0.0,0.0
OV38,W9,0.5,OV38:OV38:W9,0.0,0.0,1.0,0.0,0.0,0.0,0.0,0.0,0.0,0.0,0.0,0.0,0.0,0.0,0.0,OV38,0.0,0.0
OV38,CG9,0.5,OV38:OV38:CG9,0.0,0.0,1.0,0.0,0.0,0.0,0.0,0.0,0.0,0.0,0.0,0.0,0.0,0.0,0.0,OV38,0.0,0.0
OV39,CG2,0.5,OV39:OV39:CG2,0.0,0.0,1.0,0.0,0.0,0.0,0.0,0.0,0.0,0.0,0.0,0.0,0.0,0.0,0.0,OV39,0.0,0.0
OV39,CG9,0.5,OV39:OV39:CG9,0.0,0.0,1.0,0.0,0.0,0.0,0.0,0.0,0.0,0.0,0.0,0.0,0.0,0.0,0.0,OV39,0.0,0.0
OV39,CG10,0.5,OV39:OV39:CG10,0.0,0.0,1.0,0.0,0.0,0.0,0.0,0.0,0.0,0.0,0.0,0.0,0.0,0.0,0.0,OV39,0.0,0.0
OV39,CG13,0.5,OV39:OV39:CG13,0.0,0.0,1.0,0.0,0.0,0.0,0.0,0.0,0.0,0.0,0.0,0.0,0.0,0.0,0.0,OV39,0.0,0.0
OV39,CG1,0.5,OV39:OV39:CG1,0.0,0.0,1.0,0.0,0.0,0.0,0.0,0.0,0.0,0.0,0.0,0.0,0.0,0.0,0.0,OV39,0.0,0.0
OV39,W21,0.5,OV39:OV39:W21,0.0,0.0,1.0,0.0,0.0,0.0,0.0,0.0,0.0,0.0,0.0,0.0,0.0,0.0,0.0,OV39,0.0,0.0
OV39,W8,0.5,OV39:OV39:W8,0.0,0.0,1.0,0.0,0.0,0.0,0.0,0.0,0.0,0.0,0.0,0.0,0.0,0.0,0.0,OV39,0.0,0.0
OV4,OV11,0.5,OV4:OV4:OV11,0.0,0.0,0.0,0.0,0.0,0.0,0.0,0.0,0.0,0.0,0.0,0.0,0.0,0.0,0.0,OV4,0.0,0.0
OV4,OV6,0.5,OV4:OV4:OV6,0.0,0.0,0.0,0.0,0.0,0.0,0.0,0.0,0.0,0.0,0.0,0.0,0.0,0.0,0.0,OV4,0.0,0.0
OV4,MG11,0.5,OV4:OV4:MG11,0.0,0.0,0.0,0.0,0.0,0.0,0.0,0.0,0.0,0.0,0.0,0.0,0.0,0.0,0.0,OV4,0.0,0.0
OV4,SD8,0.5,OV4:OV4:SD8,0.0,0.0,0.0,0.0,0.0,0.0,0.0,0.0,0.0,0.0,0.0,0.0,0.0,0.0,0.0,OV4,0.0,0.0
OV40,U15,0.5,OV40:OV40:U15,0.0,0.0,0.0,0.0,0.0,0.0,0.0,0.0,0.0,0.0,0.0,0.0,0.0,0.0,0.0,OV40,0.0,0.0
OV40,CG14,0.5,OV40:OV40:CG14,0.0,1.0,0.0,0.0,0.0,0.0,0.0,0.0,0.0,0.0,0.0,0.0,0.0,0.0,0.0,OV40,1.0,1.0
OV40,CG10,0.5,OV40:OV40:CG10,0.0,1.0,0.0,0.0,0.0,0.0,0.0,0.0,0.0,0.0,0.0,0.0,0.0,0.0,0.0,OV40,1.0,1.0
OV41,OV24,0.5,OV41:OV41:OV24,0.0,0.0,1.0,0.0,0.0,0.0,0.0,0.0,0.0,0.0,0.0,0.0,0.0,0.0,0.0,OV41,0.0,0.0
OV41,MC11,0.5,OV41:OV41:MC11,0.0,0.0,1.0,0.0,0.0,0.0,0.0,0.0,0.0,0.0,0.0,0.0,0.0,0.0,0.0,OV41,0.0,0.0
OV6,OV2,0.5,OV6:OV6:OV2,0.0,0.0,0.0,0.0,0.0,0.0,0.0,0.0,0.0,0.0,0.0,0.0,0.0,0.0,0.0,OV6,0.0,0.0
OV7,MG7,0.5,OV7:OV7:MG7,0.0,0.0,0.0,0.0,0.0,0.0,0.0,0.0,0.0,0.0,0.0,0.0,0.0,0.0,0.0,OV7,0.0,0.0
OV8,OV10,0.5,OV8:OV8:OV10,0.0,0.0,0.0,0.0,0.0,0.0,0.0,0.0,0.0,0.0,0.0,0.0,0.0,0.0,0.0,OV8,0.0,0.0
OV9,OV18,0.5,OV9:OV9:OV18,0.0,0.0,0.0,0.0,0.0,0.0,0.0,0.0,0.0,0.0,0.0,0.0,0.0,0.0,0.0,OV9,0.0,0.0
OV9,OV19,0.5,OV9:OV9:OV19,0.0,0.0,0.0,0.0,0.0,0.0,0.0,0.0,0.0,0.0,0.0,0.0,0.0,0.0,0.0,OV9,0.0,0.0
OV9,OV25,0.5,OV9:OV9:OV25,0.0,0.0,0.0,0.0,0.0,0.0,0.0,0.0,0.0,0.0,0.0,0.0,0.0,0.0,0.0,OV9,0.0,0.0
OV9,MG7,0.5,OV9:OV9:MG7,0.0,0.0,0.0,0.0,0.0,1.0,0.0,0.0,0.0,0.0,0.0,0.0,0.0,0.0,0.0,OV9,1.0,1.0
S1,S27,0.5,S1:S1:S27,0.0,0.0,0.0,0.0,0.0,0.0,0.0,0.0,0.0,0.0,0.0,0.0,0.0,0.0,0.0,S1,0.0,0.0
S12,S25,0.5,S12:S12:S25,0.0,0.0,0.0,0.0,0.0,0.0,0.0,0.0,0.0,0.0,0.0,0.0,0.0,0.0,0.0,S12,0.0,0.0
S12,S26,0.5,S12:S12:S26,0.0,0.0,0.0,0.0,0.0,0.0,0.0,0.0,0.0,0.0,0.0,0.0,0.0,0.0,0.0,S12,0.0,0.0
S12,S27,0.5,S12:S12:S27,0.0,0.0,0.0,0.0,0.0,0.0,0.0,0.0,0.0,0.0,0.0,0.0,0.0,0.0,0.0,S12,0.0,0.0
S13,S24,0.5,S13:S13:S24,0.0,0.0,0.0,0.0,0.0,0.0,0.0,0.0,0.0,0.0,0.0,0.0,0.0,0.0,0.0,S13,0.0,0.0
S14,MG13,0.5,S14:S14:MG13,0.0,0.0,0.0,0.0,0.0,0.0,0.0,0.0,0.0,0.0,0.0,0.0,0.0,0.0,0.0,S14,0.0,0.0
S14,S17,0.5,S14:S14:S17,0.0,0.0,0.0,0.0,0.0,0.0,0.0,0.0,0.0,0.0,0.0,0.0,0.0,0.0,0.0,S14,0.0,0.0
S17,S24,0.5,S17:S17:S24,0.0,0.0,0.0,0.0,0.0,0.0,0.0,0.0,0.0,0.0,0.0,0.0,0.0,0.0,0.0,S17,0.0,0.0
S18,MG10,0.5,S18:S18:MG10,0.0,0.0,0.0,0.0,0.0,0.0,0.0,0.0,0.0,0.0,0.0,0.0,0.0,0.0,0.0,S18,0.0,0.0
S2,S26,0.5,S2:S2:S26,0.0,0.0,0.0,0.0,0.0,1.0,0.0,0.0,0.0,0.0,0.0,0.0,0.0,0.0,0.0,S2,1.0,1.0
S21,MG11,0.5,S21:S21:MG11,0.0,0.0,0.0,0.0,0.0,0.0,0.0,0.0,0.0,0.0,0.0,0.0,0.0,0.0,0.0,S21,0.0,0.0
S22,MG13,0.5,S22:S22:MG13,1.0,1.0,0.0,0.0,0.0,0.0,0.0,0.0,0.0,0.0,0.0,0.0,0.0,0.0,0.0,S22,2.0,2.0
S23,MG10,0.5,S23:S23:MG10,0.0,0.0,0.0,0.0,0.0,0.0,0.0,0.0,0.0,0.0,0.0,0.0,0.0,0.0,0.0,S23,0.0,0.0
S24,W5,0.5,S24:S24:W5,0.0,0.0,0.0,0.0,0.0,0.0,0.0,0.0,0.0,0.0,0.0,0.0,0.0,0.0,0.0,S24,0.0,0.0
S24,W2,0.5,S24:S24:W2,0.0,0.0,0.0,0.0,0.0,0.0,0.0,0.0,0.0,0.0,0.0,0.0,0.0,0.0,0.0,S24,0.0,0.0
S24,MG10,0.5,S24:S24:MG10,0.0,1.0,0.0,0.0,0.0,0.0,0.0,0.0,0.0,0.0,0.0,0.0,0.0,0.0,0.0,S24,1.0,1.0
S24,S26,0.5,S24:S24:S26,0.0,0.0,0.0,0.0,0.0,0.0,0.0,0.0,0.0,0.0,0.0,0.0,0.0,0.0,0.0,S24,0.0,0.0
S24,W6,0.5,S24:S24:W6,0.0,0.0,0.0,0.0,0.0,0.0,0.0,0.0,0.0,0.0,0.0,0.0,0.0,0.0,0.0,S24,0.0,0.0
S24,W4,0.5,S24:S24:W4,0.0,0.0,0.0,0.0,0.0,0.0,0.0,0.0,0.0,0.0,0.0,0.0,0.0,0.0,0.0,S24,0.0,0.0
S24,M9,0.5,S24:S24:M9,0.0,0.0,0.0,0.0,0.0,0.0,0.0,0.0,0.0,0.0,0.0,0.0,0.0,0.0,0.0,S24,0.0,0.0
S25,S26,0.5,S25:S25:S26,0.0,0.0,0.0,1.0,0.0,1.0,0.0,1.0,0.0,1.0,0.0,0.0,0.0,0.0,0.0,S25,4.0,4.0
S25,W6,0.5,S25:S25:W6,0.0,0.0,0.0,0.0,0.0,0.0,0.0,0.0,0.0,0.0,0.0,0.0,0.0,0.0,0.0,S25,0.0,0.0
S25,M22,0.5,S25:S25:M22,1.0,0.0,0.0,0.0,0.0,0.0,0.0,0.0,0.0,0.0,0.0,0.0,0.0,0.0,0.0,S25,1.0,1.0
S25,W5,0.5,S25:S25:W5,1.0,0.0,0.0,0.0,0.0,0.0,0.0,0.0,0.0,0.0,0.0,0.0,0.0,0.0,0.0,S25,1.0,1.0
S26,S24,0.5,S26:S26:S24,0.0,0.0,0.0,0.0,0.0,0.0,0.0,0.0,0.0,0.0,0.0,0.0,0.0,0.0,0.0,S26,0.0,0.0
S26,S25,0.5,S26:S26:S25,0.0,0.0,0.0,0.0,0.0,0.0,0.0,0.0,0.0,0.0,0.0,0.0,0.0,0.0,0.0,S26,0.0,0.0
S26,W5,0.5,S26:S26:W5,0.0,0.0,0.0,0.0,0.0,0.0,0.0,0.0,0.0,0.0,0.0,0.0,0.0,0.0,0.0,S26,0.0,0.0
S27,W3,0.5,S27:S27:W3,0.0,0.0,0.0,0.0,0.0,0.0,0.0,0.0,0.0,0.0,0.0,0.0,0.0,0.0,0.0,S27,0.0,0.0
S27,MG10,0.5,S27:S27:MG10,0.0,0.0,0.0,0.0,0.0,0.0,0.0,0.0,0.0,0.0,0.0,0.0,0.0,0.0,0.0,S27,0.0,0.0
S27,M10,0.5,S27:S27:M10,0.0,0.0,0.0,0.0,0.0,0.0,0.0,0.0,0.0,0.0,0.0,0.0,0.0,0.0,0.0,S27,0.0,0.0
S27,M5,0.5,S27:S27:M5,0.0,0.0,0.0,0.0,0.0,0.0,0.0,0.0,0.0,0.0,0.0,0.0,0.0,0.0,0.0,S27,0.0,0.0
S27,M4,0.5,S27:S27:M4,0.0,0.0,0.0,0.0,0.0,0.0,0.0,0.0,0.0,0.0,0.0,0.0,0.0,0.0,0.0,S27,0.0,0.0
S28,S25,0.5,S28:S28:S25,0.0,0.0,0.0,0.0,0.0,0.0,0.0,0.0,0.0,0.0,0.0,0.0,0.0,0.0,0.0,S28,0.0,0.0
S28,S26,0.5,S28:S28:S26,0.0,0.0,0.0,0.0,0.0,0.0,0.0,0.0,0.0,0.0,0.0,0.0,0.0,0.0,0.0,S28,0.0,0.0
S28,W6,0.5,S28:S28:W6,0.0,0.0,0.0,0.0,0.0,0.0,0.0,0.0,0.0,0.0,0.0,0.0,0.0,0.0,0.0,S28,0.0,0.0
S28,W7,0.5,S28:S28:W7,0.0,0.0,0.0,0.0,0.0,0.0,0.0,0.0,0.0,0.0,0.0,0.0,0.0,0.0,0.0,S28,0.0,0.0
S28,MG13,0.5,S28:S28:MG13,1.0,1.0,0.0,0.0,0.0,0.0,0.0,0.0,0.0,0.0,0.0,0.0,0.0,0.0,0.0,S28,2.0,2.0
S3,S24,0.5,S3:S3:S24,0.0,0.0,0.0,0.0,0.0,0.0,0.0,0.0,0.0,0.0,0.0,0.0,0.0,0.0,0.0,S3,0.0,0.0
S3,S25,0.5,S3:S3:S25,0.0,0.0,0.0,0.0,0.0,0.0,0.0,0.0,0.0,0.0,0.0,0.0,0.0,0.0,0.0,S3,0.0,0.0
S5,S24,0.5,S5:S5:S24,0.0,0.0,0.0,0.0,0.0,0.0,0.0,0.0,0.0,0.0,0.0,0.0,0.0,0.0,0.0,S5,0.0,0.0
S5,S26,0.5,S5:S5:S26,0.0,0.0,0.0,0.0,0.0,0.0,0.0,0.0,0.0,0.0,0.0,0.0,0.0,0.0,0.0,S5,0.0,0.0
S7,S24,0.5,S7:S7:S24,0.0,0.0,0.0,0.0,0.0,0.0,0.0,0.0,0.0,0.0,0.0,0.0,0.0,0.0,0.0,S7,0.0,0.0
S9,S27,0.5,S9:S9:S27,0.0,0.0,0.0,0.0,0.0,0.0,0.0,0.0,0.0,0.0,0.0,0.0,0.0,0.0,0.0,S9,0.0,0.0
SD1,MC6,0.5,SD1:SD1:MC6,0.0,0.0,0.0,0.0,0.0,0.0,0.0,0.0,0.0,0.0,0.0,0.0,0.0,0.0,0.0,SD1,0.0,0.0
SD1,SD2,0.5,SD1:SD1:SD2,0.0,0.0,0.0,0.0,0.0,0.0,0.0,0.0,0.0,0.0,0.0,0.0,0.0,0.0,0.0,SD1,0.0,0.0
SD1,U1,0.5,SD1:SD1:U1,0.0,0.0,0.0,0.0,0.0,0.0,0.0,0.0,0.0,0.0,0.0,0.0,0.0,0.0,0.0,SD1,0.0,0.0
SD10,SD7,0.5,SD10:SD10:SD7,0.0,0.0,1.0,0.0,0.0,0.0,0.0,0.0,0.0,0.0,0.0,0.0,0.0,0.0,0.0,SD10,0.0,0.0
SD10,SD8,0.5,SD10:SD10:SD8,0.0,0.0,1.0,0.0,0.0,0.0,0.0,0.0,0.0,0.0,0.0,0.0,0.0,0.0,0.0,SD10,0.0,0.0
SD10,SD12,0.5,SD10:SD10:SD12,0.0,1.0,1.0,0.0,0.0,0.0,0.0,0.0,0.0,0.0,0.0,0.0,0.0,0.0,0.0,SD10,1.0,1.0
SD10,SD11,0.5,SD10:SD10:SD11,0.0,1.0,1.0,0.0,0.0,0.0,0.0,0.0,0.0,0.0,0.0,0.0,0.0,0.0,0.0,SD10,1.0,1.0
SD10,H1,0.5,SD10:SD10:H1,0.0,0.0,1.0,0.0,0.0,0.0,0.0,0.0,0.0,0.0,0.0,0.0,0.0,0.0,0.0,SD10,0.0,0.0
SD10,U1,0.5,SD10:SD10:U1,0.0,0.0,1.0,0.0,0.0,0.0,0.0,0.0,0.0,0.0,0.0,0.0,0.0,0.0,0.0,SD10,0.0,0.0
SD10,CG7,0.5,SD10:SD10:CG7,0.0,0.0,1.0,0.0,0.0,0.0,0.0,0.0,0.0,0.0,0.0,0.0,0.0,0.0,0.0,SD10,0.0,0.0
SD10,H11,0.5,SD10:SD10:H11,0.0,0.0,1.0,0.0,0.0,0.0,0.0,0.0,0.0,0.0,0.0,0.0,0.0,0.0,0.0,SD10,0.0,0.0
SD10,U20,0.5,SD10:SD10:U20,0.0,0.0,1.0,0.0,0.0,0.0,0.0,0.0,0.0,0.0,0.0,0.0,0.0,0.0,0.0,SD10,0.0,0.0
SD10,W25,0.5,SD10:SD10:W25,0.0,0.0,1.0,0.0,0.0,0.0,0.0,0.0,0.0,0.0,0.0,0.0,0.0,0.0,0.0,SD10,0.0,0.0
SD11,U1,0.5,SD11:SD11:U1,0.0,0.0,1.0,0.0,0.0,0.0,0.0,0.0,0.0,0.0,0.0,0.0,0.0,0.0,0.0,SD11,0.0,0.0
SD11,SD8,0.5,SD11:SD11:SD8,0.0,0.0,1.0,0.0,0.0,0.0,0.0,0.0,0.0,0.0,0.0,0.0,0.0,0.0,0.0,SD11,0.0,0.0
SD11,SD12,0.5,SD11:SD11:SD12,0.0,0.0,1.0,0.0,0.0,0.0,0.0,0.0,0.0,0.0,0.0,0.0,0.0,0.0,0.0,SD11,0.0,0.0
SD11,H1,0.5,SD11:SD11:H1,0.0,0.0,1.0,0.0,0.0,0.0,0.0,0.0,0.0,0.0,0.0,0.0,0.0,0.0,0.0,SD11,0.0,0.0
SD11,H11,0.5,SD11:SD11:H11,0.0,0.0,1.0,0.0,0.0,0.0,0.0,0.0,0.0,0.0,0.0,0.0,0.0,0.0,0.0,SD11,0.0,0.0
SD11,W23,0.5,SD11:SD11:W23,0.0,0.0,1.0,0.0,0.0,0.0,0.0,0.0,0.0,0.0,0.0,0.0,0.0,0.0,0.0,SD11,0.0,0.0
SD11,U20,0.5,SD11:SD11:U20,0.0,0.0,1.0,0.0,0.0,0.0,0.0,0.0,0.0,0.0,0.0,0.0,0.0,0.0,0.0,SD11,0.0,0.0
SD11,W16,0.5,SD11:SD11:W16,0.0,0.0,1.0,0.0,0.0,0.0,0.0,0.0,0.0,0.0,0.0,0.0,0.0,0.0,0.0,SD11,0.0,0.0
SD12,SD8,0.5,SD12:SD12:SD8,0.0,0.0,1.0,0.0,0.0,0.0,0.0,0.0,0.0,0.0,0.0,0.0,0.0,0.0,0.0,SD12,0.0,0.0
SD12,SD7,0.5,SD12:SD12:SD7,0.0,0.0,1.0,0.0,0.0,0.0,0.0,0.0,0.0,0.0,0.0,0.0,0.0,0.0,0.0,SD12,0.0,0.0
SD12,SD11,0.5,SD12:SD12:SD11,0.0,1.0,1.0,0.0,0.0,0.0,0.0,0.0,0.0,0.0,0.0,0.0,0.0,0.0,0.0,SD12,1.0,1.0
SD12,H1,0.5,SD12:SD12:H1,0.0,0.0,1.0,0.0,0.0,0.0,0.0,0.0,0.0,0.0,0.0,0.0,0.0,0.0,0.0,SD12,0.0,0.0
SD12,H11,0.5,SD12:SD12:H11,0.0,0.0,1.0,0.0,0.0,0.0,0.0,0.0,0.0,0.0,0.0,0.0,0.0,0.0,0.0,SD12,0.0,0.0
SD12,U20,0.5,SD12:SD12:U20,0.0,0.0,1.0,0.0,0.0,0.0,0.0,0.0,0.0,0.0,0.0,0.0,0.0,0.0,0.0,SD12,0.0,0.0
SD12,W23,0.5,SD12:SD12:W23,0.0,0.0,1.0,0.0,0.0,0.0,0.0,0.0,0.0,0.0,0.0,0.0,0.0,0.0,0.0,SD12,0.0,0.0
SD13,SD8,0.5,SD13:SD13:SD8,0.0,0.0,1.0,0.0,0.0,0.0,0.0,0.0,0.0,0.0,0.0,0.0,0.0,0.0,0.0,SD13,0.0,0.0
SD13,SD7,0.5,SD13:SD13:SD7,0.0,0.0,1.0,0.0,0.0,0.0,0.0,0.0,0.0,0.0,0.0,0.0,0.0,0.0,0.0,SD13,0.0,0.0
SD13,SD16,0.5,SD13:SD13:SD16,0.0,0.0,1.0,0.0,0.0,0.0,0.0,0.0,0.0,0.0,0.0,0.0,0.0,0.0,0.0,SD13,0.0,0.0
SD14,SD8,0.5,SD14:SD14:SD8,0.0,0.0,1.0,0.0,0.0,0.0,0.0,0.0,0.0,0.0,0.0,0.0,0.0,0.0,0.0,SD14,0.0,0.0
SD14,SD7,0.5,SD14:SD14:SD7,0.0,0.0,1.0,0.0,0.0,0.0,0.0,0.0,0.0,0.0,0.0,0.0,0.0,0.0,0.0,SD14,0.0,0.0
SD14,SD16,0.5,SD14:SD14:SD16,0.0,0.0,1.0,0.0,0.0,0.0,0.0,0.0,0.0,0.0,0.0,0.0,0.0,0.0,0.0,SD14,0.0,0.0
SD15,S25,0.5,SD15:SD15:S25,0.0,0.0,0.0,0.0,0.0,0.0,0.0,0.0,0.0,0.0,0.0,0.0,0.0,0.0,0.0,SD15,0.0,0.0
SD15,W2,0.5,SD15:SD15:W2,0.0,0.0,0.0,0.0,0.0,0.0,0.0,0.0,0.0,0.0,0.0,0.0,0.0,0.0,0.0,SD15,0.0,0.0
SD15,W1,0.5,SD15:SD15:W1,0.0,0.0,0.0,0.0,0.0,0.0,0.0,0.0,0.0,0.0,0.0,0.0,0.0,0.0,0.0,SD15,0.0,0.0
SD16,SD8,0.5,SD16:SD16:SD8,0.0,1.0,1.0,0.0,0.0,0.0,0.0,0.0,0.0,0.0,0.0,0.0,0.0,0.0,0.0,SD16,1.0,1.0
SD16,MC9,0.5,SD16:SD16:MC9,0.0,0.0,1.0,0.0,0.0,0.0,0.0,0.0,0.0,0.0,0.0,0.0,0.0,0.0,0.0,SD16,0.0,0.0
SD16,SD9,0.5,SD16:SD16:SD9,0.0,1.0,1.0,0.0,0.0,0.0,0.0,0.0,0.0,0.0,0.0,0.0,0.0,0.0,0.0,SD16,1.0,1.0
SD16,SD13,0.5,SD16:SD16:SD13,0.0,0.0,1.0,0.0,0.0,0.0,0.0,0.0,0.0,0.0,0.0,0.0,0.0,0.0,0.0,SD16,0.0,0.0
SD17,SD8,0.5,SD17:SD17:SD8,0.0,0.0,0.0,0.0,0.0,0.0,0.0,0.0,0.0,0.0,0.0,0.0,0.0,0.0,0.0,SD17,0.0,0.0
SD17,MG11,0.5,SD17:SD17:MG11,0.0,0.0,0.0,0.0,0.0,0.0,0.0,0.0,0.0,0.0,0.0,0.0,0.0,0.0,0.0,SD17,0.0,0.0
SD17,M15,0.5,SD17:SD17:M15,0.0,0.0,0.0,0.0,0.0,0.0,0.0,0.0,0.0,0.0,0.0,0.0,0.0,0.0,0.0,SD17,0.0,0.0
SD17,M16,0.5,SD17:SD17:M16,0.0,0.0,0.0,0.0,0.0,0.0,0.0,0.0,0.0,0.0,0.0,0.0,0.0,0.0,0.0,SD17,0.0,0.0
SD17,M18,0.5,SD17:SD17:M18,0.0,0.0,0.0,0.0,0.0,0.0,0.0,0.0,0.0,0.0,0.0,0.0,0.0,0.0,0.0,SD17,0.0,0.0
SD18,SD7,0.5,SD18:SD18:SD7,0.0,0.0,1.0,0.0,0.0,0.0,0.0,0.0,0.0,0.0,0.0,0.0,0.0,0.0,0.0,SD18,0.0,0.0
SD18,SD9,0.5,SD18:SD18:SD9,0.0,0.0,1.0,0.0,0.0,0.0,0.0,0.0,0.0,0.0,0.0,0.0,0.0,0.0,0.0,SD18,0.0,0.0
SD18,W24,0.5,SD18:SD18:W24,0.0,0.0,1.0,0.0,0.0,0.0,0.0,0.0,0.0,0.0,0.0,0.0,0.0,0.0,0.0,SD18,0.0,0.0
SD18,W21,0.5,SD18:SD18:W21,0.0,0.0,1.0,0.0,0.0,0.0,0.0,0.0,0.0,0.0,0.0,0.0,0.0,0.0,0.0,SD18,0.0,0.0
SD18,W22,0.5,SD18:SD18:W22,0.0,0.0,1.0,0.0,0.0,0.0,0.0,0.0,0.0,0.0,0.0,0.0,0.0,0.0,0.0,SD18,0.0,0.0
SD19,SD7,0.5,SD19:SD19:SD7,0.0,0.0,0.0,0.0,0.0,0.0,0.0,0.0,0.0,0.0,0.0,0.0,0.0,0.0,0.0,SD19,0.0,0.0
SD19,SD8,0.5,SD19:SD19:SD8,0.0,0.0,0.0,0.0,0.0,0.0,0.0,0.0,0.0,0.0,0.0,0.0,0.0,0.0,0.0,SD19,0.0,0.0
SD2,MC6,0.5,SD2:SD2:MC6,0.0,0.0,0.0,0.0,0.0,0.0,0.0,0.0,0.0,0.0,0.0,0.0,0.0,0.0,0.0,SD2,0.0,0.0
SD2,SD3,0.5,SD2:SD2:SD3,0.0,0.0,0.0,0.0,0.0,0.0,0.0,0.0,0.0,0.0,0.0,0.0,0.0,0.0,0.0,SD2,0.0,0.0
SD2,SD1,0.5,SD2:SD2:SD1,0.0,0.0,0.0,0.0,0.0,0.0,0.0,0.0,0.0,0.0,0.0,0.0,0.0,0.0,0.0,SD2,0.0,0.0
SD3,M28,0.5,SD3:SD3:M28,0.0,0.0,0.0,0.0,0.0,0.0,0.0,0.0,0.0,0.0,0.0,0.0,0.0,0.0,0.0,SD3,0.0,0.0
SD3,OV24,0.5,SD3:SD3:OV24,0.0,0.0,0.0,0.0,0.0,0.0,0.0,0.0,0.0,0.0,0.0,0.0,0.0,0.0,0.0,SD3,0.0,0.0
SD4,SD2,0.5,SD4:SD4:SD2,0.0,0.0,0.0,0.0,0.0,0.0,0.0,0.0,0.0,0.0,0.0,0.0,0.0,0.0,0.0,SD4,0.0,0.0
SD4,SD7,0.5,SD4:SD4:SD7,0.0,0.0,0.0,0.0,0.0,0.0,0.0,0.0,0.0,0.0,0.0,0.0,0.0,0.0,0.0,SD4,0.0,0.0
SD4,SD8,0.5,SD4:SD4:SD8,0.0,0.0,0.0,0.0,0.0,0.0,0.0,0.0,0.0,0.0,0.0,0.0,0.0,0.0,0.0,SD4,0.0,0.0
SD5,SD8,0.5,SD5:SD5:SD8,0.0,0.0,0.0,0.0,0.0,0.0,0.0,0.0,0.0,0.0,0.0,0.0,0.0,0.0,0.0,SD5,0.0,0.0
SD6,SD7,0.5,SD6:SD6:SD7,0.0,1.0,0.0,0.0,0.0,0.0,0.0,0.0,0.0,0.0,0.0,0.0,0.0,0.0,0.0,SD6,1.0,1.0
SD6,SD8,0.5,SD6:SD6:SD8,0.0,0.0,0.0,0.0,0.0,0.0,0.0,0.0,0.0,0.0,0.0,0.0,0.0,0.0,0.0,SD6,0.0,0.0
SD6,SD9,0.5,SD6:SD6:SD9,0.0,1.0,0.0,0.0,0.0,0.0,0.0,0.0,0.0,0.0,0.0,0.0,0.0,0.0,0.0,SD6,1.0,1.0
SD6,SD2,0.5,SD6:SD6:SD2,0.0,0.0,0.0,0.0,0.0,0.0,0.0,0.0,0.0,0.0,0.0,0.0,0.0,0.0,0.0,SD6,0.0,0.0
SD7,SD8,0.5,SD7:SD7:SD8,0.0,0.0,1.0,0.0,0.0,0.0,0.0,0.0,0.0,0.0,0.0,0.0,0.0,0.0,0.0,SD7,0.0,0.0
SD7,SD9,0.5,SD7:SD7:SD9,0.0,1.0,1.0,0.0,0.0,0.0,0.0,0.0,0.0,0.0,0.0,0.0,0.0,0.0,0.0,SD7,1.0,1.0
SD7,SD12,0.5,SD7:SD7:SD12,0.0,0.0,1.0,0.0,0.0,0.0,0.0,0.0,0.0,0.0,0.0,0.0,0.0,0.0,0.0,SD7,0.0,0.0
SD7,H11,0.5,SD7:SD7:H11,0.0,0.0,1.0,0.0,0.0,0.0,0.0,0.0,0.0,0.0,0.0,0.0,0.0,0.0,0.0,SD7,0.0,0.0
SD7,SD16,0.5,SD7:SD7:SD16,0.0,0.0,1.0,0.0,0.0,0.0,0.0,0.0,0.0,0.0,0.0,0.0,0.0,0.0,0.0,SD7,0.0,0.0
SD7,SD17,0.5,SD7:SD7:SD17,0.0,0.0,1.0,0.0,0.0,0.0,0.0,0.0,0.0,0.0,0.0,0.0,0.0,0.0,0.0,SD7,0.0,0.0
SD8,SD2,0.5,SD8:SD8:SD2,0.0,0.0,1.0,0.0,0.0,0.0,0.0,0.0,0.0,0.0,0.0,0.0,0.0,0.0,0.0,SD8,0.0,0.0
SD8,SD7,0.5,SD8:SD8:SD7,0.0,0.0,1.0,0.0,0.0,0.0,0.0,0.0,0.0,0.0,0.0,0.0,0.0,0.0,0.0,SD8,0.0,0.0
SD8,MG11,0.5,SD8:SD8:MG11,0.0,0.0,1.0,0.0,0.0,0.0,0.0,0.0,0.0,0.0,0.0,0.0,0.0,0.0,0.0,SD8,0.0,0.0
SD8,MG10,0.5,SD8:SD8:MG10,0.0,0.0,1.0,0.0,0.0,0.0,0.0,0.0,0.0,0.0,0.0,0.0,0.0,0.0,0.0,SD8,0.0,0.0
SD8,MG13,0.5,SD8:SD8:MG13,0.0,0.0,1.0,0.0,0.0,0.0,0.0,0.0,0.0,0.0,0.0,0.0,0.0,0.0,0.0,SD8,0.0,0.0
SD8,M28,0.5,SD8:SD8:M28,0.0,0.0,1.0,0.0,0.0,0.0,0.0,0.0,0.0,0.0,0.0,0.0,0.0,0.0,0.0,SD8,0.0,0.0
SD8,SD12,0.5,SD8:SD8:SD12,0.0,1.0,1.0,0.0,0.0,0.0,0.0,0.0,0.0,0.0,0.0,0.0,0.0,0.0,0.0,SD8,1.0,1.0
SD8,U5,0.5,SD8:SD8:U5,0.0,0.0,1.0,0.0,0.0,0.0,0.0,0.0,0.0,0.0,0.0,0.0,0.0,0.0,0.0,SD8,0.0,0.0
SD8,SD11,0.5,SD8:SD8:SD11,0.0,0.0,1.0,0.0,0.0,0.0,0.0,0.0,0.0,0.0,0.0,0.0,0.0,0.0,0.0,SD8,0.0,0.0
SD8,CG7,0.5,SD8:SD8:CG7,0.0,0.0,1.0,0.0,0.0,0.0,0.0,0.0,0.0,0.0,0.0,0.0,0.0,0.0,0.0,SD8,0.0,0.0
SD8,CG13,0.5,SD8:SD8:CG13,0.0,0.0,1.0,0.0,0.0,0.0,0.0,0.0,0.0,0.0,0.0,0.0,0.0,0.0,0.0,SD8,0.0,0.0
SD8,SD16,0.5,SD8:SD8:SD16,0.0,0.0,1.0,0.0,0.0,0.0,0.0,0.0,0.0,0.0,0.0,0.0,0.0,0.0,0.0,SD8,0.0,0.0
SD8,SD17,0.5,SD8:SD8:SD17,0.0,0.0,1.0,0.0,0.0,0.0,0.0,0.0,0.0,0.0,0.0,0.0,0.0,0.0,0.0,SD8,0.0,0.0
SD8,W24,0.5,SD8:SD8:W24,0.0,0.0,1.0,0.0,0.0,0.0,0.0,0.0,0.0,0.0,0.0,0.0,0.0,0.0,0.0,SD8,0.0,0.0
SD8,W25,0.5,SD8:SD8:W25,0.0,0.0,1.0,0.0,0.0,0.0,0.0,0.0,0.0,0.0,0.0,0.0,0.0,0.0,0.0,SD8,0.0,0.0
SD8,H11,0.5,SD8:SD8:H11,0.0,1.0,1.0,0.0,0.0,0.0,0.0,0.0,0.0,0.0,0.0,0.0,0.0,0.0,0.0,SD8,1.0,1.0
SD8,MG6,0.5,SD8:SD8:MG6,0.0,0.0,1.0,0.0,0.0,0.0,0.0,0.0,0.0,0.0,0.0,0.0,0.0,0.0,0.0,SD8,0.0,0.0
SD8,MG7,0.5,SD8:SD8:MG7,0.0,0.0,1.0,0.0,0.0,0.0,0.0,0.0,0.0,0.0,0.0,0.0,0.0,0.0,0.0,SD8,0.0,0.0
SD9,SD7,0.5,SD9:SD9:SD7,0.0,0.0,1.0,0.0,0.0,0.0,0.0,0.0,0.0,0.0,0.0,0.0,0.0,0.0,0.0,SD9,0.0,0.0
SD9,SD8,0.5,SD9:SD9:SD8,0.0,1.0,1.0,0.0,0.0,0.0,0.0,0.0,0.0,0.0,0.0,0.0,0.0,0.0,0.0,SD9,1.0,1.0
SD9,SD12,0.5,SD9:SD9:SD12,0.0,0.0,1.0,0.0,0.0,0.0,0.0,0.0,0.0,0.0,0.0,0.0,0.0,0.0,0.0,SD9,0.0,0.0
SD9,W24,0.5,SD9:SD9:W24,0.0,0.0,1.0,0.0,0.0,0.0,0.0,0.0,0.0,0.0,0.0,0.0,0.0,0.0,0.0,SD9,0.0,0.0
SD9,W25,0.5,SD9:SD9:W25,0.0,0.0,1.0,0.0,0.0,0.0,0.0,0.0,0.0,0.0,0.0,0.0,0.0,0.0,0.0,SD9,0.0,0.0
SD9,OV24,0.5,SD9:SD9:OV24,0.0,0.0,1.0,0.0,0.0,0.0,0.0,0.0,0.0,0.0,0.0,0.0,0.0,0.0,0.0,SD9,0.0,0.0
SD9,W21,0.5,SD9:SD9:W21,0.0,0.0,1.0,0.0,0.0,0.0,0.0,0.0,0.0,0.0,0.0,0.0,0.0,0.0,0.0,SD9,0.0,0.0
SD9,W22,0.5,SD9:SD9:W22,0.0,0.0,1.0,0.0,0.0,0.0,0.0,0.0,0.0,0.0,0.0,0.0,0.0,0.0,0.0,SD9,0.0,0.0
SM16,MG13,0.5,SM16:SM16:MG13,0.0,1.0,0.0,0.0,0.0,0.0,0.0,0.0,0.0,0.0,0.0,0.0,0.0,0.0,0.0,SM16,1.0,1.0
SM25,SM21,0.5,SM25:SM25:SM21,0.0,0.0,0.0,0.0,0.0,0.0,0.0,0.0,0.0,0.0,0.0,0.0,0.0,0.0,0.0,SM25,0.0,0.0
SM28,MG11,0.5,SM28:SM28:MG11,0.0,0.0,0.0,0.0,0.0,0.0,0.0,0.0,0.0,0.0,0.0,0.0,0.0,0.0,0.0,SM28,0.0,0.0
SM28,MG12,0.5,SM28:SM28:MG12,0.0,0.0,0.0,0.0,0.0,0.0,0.0,0.0,0.0,0.0,0.0,0.0,0.0,0.0,0.0,SM28,0.0,0.0
U1,H1,0.5,U1:U1:H1,0.0,0.0,1.0,0.0,0.0,0.0,0.0,0.0,0.0,0.0,0.0,0.0,0.0,0.0,0.0,U1,0.0,0.0
U1,H2,0.5,U1:U1:H2,0.0,0.0,1.0,0.0,0.0,0.0,0.0,0.0,0.0,0.0,0.0,0.0,0.0,0.0,0.0,U1,0.0,0.0
U1,H8,0.5,U1:U1:H8,0.0,0.0,1.0,0.0,0.0,0.0,0.0,0.0,0.0,0.0,0.0,0.0,0.0,0.0,0.0,U1,0.0,0.0
U1,MC5,0.5,U1:U1:MC5,0.0,0.0,1.0,0.0,0.0,0.0,0.0,0.0,0.0,0.0,0.0,0.0,0.0,0.0,0.0,U1,0.0,0.0
U1,W16,0.5,U1:U1:W16,0.0,0.0,1.0,0.0,0.0,0.0,0.0,0.0,0.0,0.0,0.0,0.0,0.0,0.0,0.0,U1,0.0,0.0
U1,W23,0.5,U1:U1:W23,0.0,0.0,1.0,0.0,0.0,0.0,0.0,0.0,0.0,0.0,0.0,0.0,0.0,0.0,0.0,U1,0.0,0.0
U1,W24,0.5,U1:U1:W24,0.0,0.0,1.0,0.0,0.0,0.0,0.0,0.0,0.0,0.0,0.0,0.0,0.0,0.0,0.0,U1,0.0,0.0
U1,W25,0.5,U1:U1:W25,0.0,0.0,1.0,0.0,0.0,0.0,0.0,0.0,0.0,0.0,0.0,0.0,0.0,0.0,0.0,U1,0.0,0.0
U1,CG7,0.5,U1:U1:CG7,0.0,1.0,1.0,0.0,0.0,0.0,0.0,0.0,0.0,0.0,0.0,0.0,0.0,0.0,0.0,U1,1.0,1.0
U10,H20,0.5,U10:U10:H20,0.0,0.0,0.0,0.0,0.0,0.0,0.0,0.0,0.0,0.0,0.0,0.0,0.0,0.0,0.0,U10,0.0,0.0
U10,H14,0.5,U10:U10:H14,0.0,0.0,0.0,0.0,0.0,0.0,0.0,0.0,0.0,0.0,0.0,0.0,0.0,0.0,0.0,U10,0.0,0.0
U10,H17,0.5,U10:U10:H17,0.0,0.0,0.0,0.0,0.0,0.0,0.0,0.0,0.0,0.0,0.0,0.0,0.0,0.0,0.0,U10,0.0,0.0
U10,H13,0.5,U10:U10:H13,0.0,0.0,0.0,0.0,0.0,0.0,0.0,0.0,0.0,0.0,0.0,0.0,0.0,0.0,0.0,U10,0.0,0.0
U10,H19,0.5,U10:U10:H19,0.0,0.0,0.0,0.0,0.0,0.0,0.0,0.0,0.0,0.0,0.0,0.0,0.0,0.0,0.0,U10,0.0,0.0
U10,U9,0.5,U10:U10:U9,0.0,0.0,0.0,0.0,0.0,0.0,0.0,0.0,0.0,0.0,0.0,0.0,0.0,0.0,0.0,U10,0.0,0.0
U10,U12,0.5,U10:U10:U12,0.0,0.0,0.0,0.0,0.0,0.0,0.0,0.0,0.0,0.0,0.0,0.0,0.0,0.0,0.0,U10,0.0,0.0
U10,U8,0.5,U10:U10:U8,0.0,0.0,0.0,0.0,0.0,0.0,0.0,0.0,0.0,0.0,0.0,0.0,0.0,0.0,0.0,U10,0.0,0.0
U10,U7,0.5,U10:U10:U7,0.0,0.0,0.0,0.0,0.0,0.0,0.0,0.0,0.0,0.0,0.0,0.0,0.0,0.0,0.0,U10,0.0,0.0
U10,H18,0.5,U10:U10:H18,0.0,0.0,0.0,1.0,0.0,0.0,0.0,0.0,0.0,0.0,0.0,0.0,0.0,0.0,0.0,U10,1.0,1.0
U10,U13,0.5,U10:U10:U13,0.0,0.0,0.0,0.0,0.0,0.0,0.0,0.0,0.0,0.0,0.0,0.0,0.0,0.0,0.0,U10,0.0,0.0
U10,U14,0.5,U10:U10:U14,0.0,0.0,0.0,0.0,0.0,0.0,0.0,0.0,0.0,0.0,0.0,0.0,0.0,0.0,0.0,U10,0.0,0.0
U10,CG12,0.5,U10:U10:CG12,0.0,0.0,0.0,0.0,0.0,0.0,0.0,0.0,0.0,0.0,0.0,0.0,0.0,0.0,0.0,U10,0.0,0.0
U10,M32,0.5,U10:U10:M32,0.0,0.0,0.0,0.0,0.0,0.0,0.0,0.0,0.0,0.0,0.0,0.0,0.0,0.0,0.0,U10,0.0,0.0
U10,M4,0.5,U10:U10:M4,0.0,0.0,0.0,0.0,0.0,0.0,0.0,0.0,0.0,0.0,0.0,0.0,0.0,0.0,0.0,U10,0.0,0.0
U10,M5,0.5,U10:U10:M5,0.0,0.0,0.0,0.0,0.0,0.0,0.0,0.0,0.0,0.0,0.0,0.0,0.0,0.0,0.0,U10,0.0,0.0
U10,M6,0.5,U10:U10:M6,0.0,0.0,0.0,0.0,0.0,0.0,0.0,0.0,0.0,0.0,0.0,0.0,0.0,0.0,0.0,U10,0.0,0.0
U10,M7,0.5,U10:U10:M7,0.0,0.0,0.0,0.0,0.0,0.0,0.0,0.0,0.0,0.0,0.0,0.0,0.0,0.0,0.0,U10,0.0,0.0
U10,M8,0.5,U10:U10:M8,0.0,0.0,0.0,0.0,0.0,0.0,0.0,0.0,0.0,0.0,0.0,0.0,0.0,0.0,0.0,U10,0.0,0.0
U10,M19,0.5,U10:U10:M19,0.0,0.0,0.0,0.0,0.0,0.0,0.0,0.0,0.0,0.0,0.0,0.0,0.0,0.0,0.0,U10,0.0,0.0
U10,H12,0.5,U10:U10:H12,0.0,0.0,0.0,0.0,0.0,0.0,0.0,0.0,0.0,0.0,0.0,0.0,0.0,0.0,0.0,U10,0.0,0.0
U10,U5,0.5,U10:U10:U5,0.0,0.0,0.0,0.0,0.0,0.0,0.0,0.0,0.0,0.0,0.0,0.0,0.0,0.0,0.0,U10,0.0,0.0
U10,U4,0.5,U10:U10:U4,0.0,0.0,0.0,0.0,0.0,0.0,0.0,0.0,0.0,0.0,0.0,0.0,0.0,0.0,0.0,U10,0.0,0.0
U11,U7,0.5,U11:U11:U7,0.0,0.0,0.0,0.0,0.0,0.0,0.0,0.0,0.0,0.0,0.0,0.0,0.0,0.0,0.0,U11,0.0,0.0
U11,U9,0.5,U11:U11:U9,0.0,0.0,0.0,0.0,0.0,0.0,0.0,0.0,0.0,0.0,0.0,0.0,0.0,0.0,0.0,U11,0.0,0.0
U11,U12,0.5,U11:U11:U12,0.0,0.0,0.0,0.0,0.0,0.0,0.0,0.0,0.0,0.0,0.0,0.0,0.0,0.0,0.0,U11,0.0,0.0
U11,U14,0.5,U11:U11:U14,0.0,0.0,0.0,0.0,0.0,0.0,0.0,0.0,0.0,0.0,0.0,0.0,0.0,0.0,0.0,U11,0.0,0.0
U11,U18,0.5,U11:U11:U18,0.0,0.0,0.0,0.0,0.0,0.0,0.0,0.0,0.0,0.0,0.0,0.0,0.0,0.0,0.0,U11,0.0,0.0
U11,M32,0.5,U11:U11:M32,0.0,0.0,0.0,0.0,0.0,0.0,0.0,0.0,0.0,0.0,0.0,0.0,0.0,0.0,0.0,U11,0.0,0.0
U11,U8,0.5,U11:U11:U8,0.0,0.0,0.0,0.0,0.0,0.0,0.0,0.0,0.0,0.0,0.0,0.0,0.0,0.0,0.0,U11,0.0,0.0
U11,U10,0.5,U11:U11:U10,0.0,0.0,0.0,0.0,0.0,0.0,0.0,0.0,0.0,0.0,0.0,0.0,0.0,0.0,0.0,U11,0.0,0.0
U11,U13,0.5,U11:U11:U13,0.0,0.0,0.0,0.0,0.0,0.0,0.0,0.0,0.0,0.0,0.0,0.0,0.0,0.0,0.0,U11,0.0,0.0
U12,U11,0.5,U12:U12:U11,0.0,0.0,0.0,0.0,0.0,0.0,0.0,0.0,0.0,0.0,0.0,0.0,0.0,0.0,0.0,U12,0.0,0.0
U12,U14,0.5,U12:U12:U14,0.0,0.0,0.0,0.0,0.0,0.0,0.0,0.0,0.0,0.0,0.0,0.0,0.0,0.0,0.0,U12,0.0,0.0
U12,U8,0.5,U12:U12:U8,0.0,0.0,0.0,0.0,0.0,0.0,0.0,0.0,0.0,0.0,0.0,0.0,0.0,0.0,0.0,U12,0.0,0.0
U12,U7,0.5,U12:U12:U7,0.0,0.0,0.0,0.0,0.0,0.0,0.0,0.0,0.0,0.0,0.0,0.0,0.0,0.0,0.0,U12,0.0,0.0
U12,U9,0.5,U12:U12:U9,0.0,0.0,0.0,0.0,0.0,0.0,0.0,0.0,0.0,0.0,0.0,0.0,0.0,0.0,0.0,U12,0.0,0.0
U12,U10,0.5,U12:U12:U10,0.0,0.0,0.0,0.0,0.0,0.0,0.0,0.0,0.0,0.0,0.0,0.0,0.0,0.0,0.0,U12,0.0,0.0
U12,U18,0.5,U12:U12:U18,0.0,0.0,0.0,0.0,0.0,0.0,0.0,0.0,0.0,0.0,0.0,0.0,0.0,0.0,0.0,U12,0.0,0.0
U12,U13,0.5,U12:U12:U13,0.0,0.0,0.0,0.0,0.0,0.0,0.0,0.0,0.0,0.0,0.0,0.0,0.0,0.0,0.0,U12,0.0,0.0
U13,U5,0.5,U13:U13:U5,0.0,0.0,0.0,0.0,0.0,0.0,0.0,0.0,0.0,0.0,0.0,0.0,0.0,0.0,0.0,U13,0.0,0.0
U13,U4,0.5,U13:U13:U4,0.0,0.0,0.0,0.0,0.0,0.0,0.0,0.0,0.0,0.0,0.0,0.0,0.0,0.0,0.0,U13,0.0,0.0
U13,U6,0.5,U13:U13:U6,0.0,0.0,0.0,0.0,0.0,0.0,0.0,0.0,0.0,0.0,0.0,0.0,0.0,0.0,0.0,U13,0.0,0.0
U13,H18,0.5,U13:U13:H18,0.0,0.0,0.0,0.0,0.0,0.0,0.0,0.0,0.0,0.0,0.0,0.0,0.0,0.0,0.0,U13,0.0,0.0
U13,H20,0.5,U13:U13:H20,0.0,0.0,0.0,0.0,0.0,0.0,0.0,0.0,0.0,0.0,0.0,0.0,0.0,0.0,0.0,U13,0.0,0.0
U13,U7,0.5,U13:U13:U7,0.0,0.0,0.0,0.0,0.0,0.0,0.0,0.0,0.0,0.0,0.0,0.0,0.0,0.0,0.0,U13,0.0,0.0
U13,U11,0.5,U13:U13:U11,0.0,0.0,0.0,0.0,0.0,0.0,0.0,0.0,0.0,0.0,0.0,0.0,0.0,0.0,0.0,U13,0.0,0.0
U13,U18,0.5,U13:U13:U18,0.0,0.0,0.0,0.0,0.0,0.0,0.0,0.0,0.0,0.0,0.0,0.0,0.0,0.0,0.0,U13,0.0,0.0
U13,U14,0.5,U13:U13:U14,0.0,0.0,0.0,0.0,0.0,0.0,0.0,0.0,0.0,0.0,0.0,0.0,0.0,0.0,0.0,U13,0.0,0.0
U13,U10,0.5,U13:U13:U10,0.0,0.0,0.0,0.0,0.0,0.0,0.0,0.0,0.0,0.0,0.0,0.0,0.0,0.0,0.0,U13,0.0,0.0
U13,U17,0.5,U13:U13:U17,0.0,1.0,0.0,0.0,0.0,0.0,0.0,0.0,0.0,0.0,0.0,0.0,0.0,0.0,0.0,U13,1.0,1.0
U13,U16,0.5,U13:U13:U16,0.0,0.0,0.0,0.0,0.0,0.0,0.0,0.0,0.0,0.0,0.0,0.0,0.0,0.0,0.0,U13,0.0,0.0
U13,U8,0.5,U13:U13:U8,0.0,0.0,0.0,0.0,0.0,0.0,0.0,0.0,0.0,0.0,0.0,0.0,0.0,0.0,0.0,U13,0.0,0.0
U13,U12,0.5,U13:U13:U12,0.0,0.0,0.0,0.0,0.0,0.0,0.0,0.0,0.0,0.0,0.0,0.0,0.0,0.0,0.0,U13,0.0,0.0
U14,U11,0.5,U14:U14:U11,0.0,0.0,0.0,0.0,0.0,0.0,0.0,0.0,0.0,0.0,0.0,0.0,0.0,0.0,0.0,U14,0.0,0.0
U14,U12,0.5,U14:U14:U12,0.0,0.0,0.0,0.0,0.0,0.0,0.0,0.0,0.0,0.0,0.0,0.0,0.0,0.0,0.0,U14,0.0,0.0
U14,U7,0.5,U14:U14:U7,0.0,0.0,0.0,0.0,0.0,0.0,0.0,0.0,0.0,0.0,0.0,0.0,0.0,0.0,0.0,U14,0.0,0.0
U14,U13,0.5,U14:U14:U13,0.0,0.0,0.0,0.0,0.0,0.0,0.0,0.0,0.0,0.0,0.0,0.0,0.0,0.0,0.0,U14,0.0,0.0
U14,U18,0.5,U14:U14:U18,0.0,0.0,0.0,0.0,0.0,0.0,0.0,0.0,0.0,0.0,0.0,0.0,0.0,0.0,0.0,U14,0.0,0.0
U14,U8,0.5,U14:U14:U8,0.0,0.0,0.0,0.0,0.0,0.0,0.0,0.0,0.0,0.0,0.0,0.0,0.0,0.0,0.0,U14,0.0,0.0
U14,CG12,0.5,U14:U14:CG12,0.0,0.0,0.0,0.0,0.0,0.0,0.0,0.0,0.0,0.0,0.0,0.0,0.0,0.0,0.0,U14,0.0,0.0
U14,M37,0.5,U14:U14:M37,0.0,0.0,0.0,0.0,0.0,0.0,0.0,0.0,0.0,0.0,0.0,0.0,0.0,0.0,0.0,U14,0.0,0.0
U14,U17,0.5,U14:U14:U17,0.0,0.0,0.0,0.0,0.0,0.0,0.0,0.0,0.0,0.0,0.0,0.0,0.0,0.0,0.0,U14,0.0,0.0
U14,CG14,0.5,U14:U14:CG14,0.0,0.0,0.0,0.0,0.0,0.0,0.0,0.0,0.0,0.0,0.0,0.0,0.0,0.0,0.0,U14,0.0,0.0
U14,U15,0.5,U14:U14:U15,0.0,0.0,0.0,0.0,0.0,0.0,0.0,0.0,0.0,0.0,0.0,0.0,0.0,0.0,0.0,U14,0.0,0.0
U15,CG10,0.5,U15:U15:CG10,0.0,0.0,0.0,0.0,0.0,0.0,0.0,0.0,0.0,0.0,0.0,0.0,0.0,0.0,0.0,U15,0.0,0.0
U15,CG11,0.5,U15:U15:CG11,0.0,0.0,0.0,0.0,0.0,0.0,0.0,0.0,0.0,0.0,0.0,0.0,0.0,0.0,0.0,U15,0.0,0.0
U15,M11,0.5,U15:U15:M11,0.0,0.0,0.0,0.0,0.0,0.0,0.0,0.0,0.0,0.0,0.0,0.0,0.0,0.0,0.0,U15,0.0,0.0
U15,U5,0.5,U15:U15:U5,0.0,0.0,0.0,0.0,0.0,0.0,0.0,0.0,0.0,0.0,0.0,0.0,0.0,0.0,0.0,U15,0.0,0.0
U15,CG12,0.5,U15:U15:CG12,0.0,0.0,0.0,0.0,0.0,0.0,0.0,0.0,0.0,0.0,0.0,0.0,0.0,0.0,0.0,U15,0.0,0.0
U15,CG14,0.5,U15:U15:CG14,0.0,1.0,0.0,0.0,0.0,0.0,0.0,0.0,0.0,0.0,0.0,0.0,0.0,0.0,0.0,U15,1.0,1.0
U15,U17,0.5,U15:U15:U17,0.0,1.0,0.0,0.0,1.0,0.0,0.0,0.0,0.0,0.0,0.0,0.0,0.0,0.0,0.0,U15,2.0,2.0
U15,OV40,0.5,U15:U15:OV40,0.0,0.0,0.0,0.0,0.0,0.0,0.0,0.0,0.0,0.0,0.0,0.0,0.0,0.0,0.0,U15,0.0,0.0
U16,U5,0.5,U16:U16:U5,0.0,1.0,0.0,0.0,0.0,0.0,0.0,0.0,0.0,0.0,0.0,0.0,0.0,0.0,0.0,U16,1.0,1.0
U16,U4,0.5,U16:U16:U4,0.0,0.0,0.0,0.0,0.0,0.0,0.0,0.0,0.0,0.0,0.0,0.0,0.0,0.0,0.0,U16,0.0,0.0
U16,U13,0.5,U16:U16:U13,0.0,0.0,0.0,0.0,0.0,0.0,0.0,0.0,0.0,0.0,0.0,0.0,0.0,0.0,0.0,U16,0.0,0.0
U16,U10,0.5,U16:U16:U10,0.0,0.0,0.0,0.0,0.0,0.0,0.0,0.0,0.0,0.0,0.0,0.0,0.0,0.0,0.0,U16,0.0,0.0
U16,H12,0.5,U16:U16:H12,0.0,0.0,0.0,0.0,0.0,0.0,0.0,0.0,0.0,0.0,0.0,0.0,0.0,0.0,0.0,U16,0.0,0.0
U16,H10,0.5,U16:U16:H10,0.0,0.0,0.0,0.0,0.0,0.0,0.0,0.0,0.0,0.0,0.0,0.0,0.0,0.0,0.0,U16,0.0,0.0
U16,H14,0.5,U16:U16:H14,0.0,0.0,0.0,0.0,0.0,0.0,0.0,0.0,0.0,0.0,0.0,0.0,0.0,0.0,0.0,U16,0.0,0.0
U16,H20,0.5,U16:U16:H20,0.0,0.0,0.0,0.0,0.0,0.0,0.0,0.0,0.0,0.0,0.0,0.0,0.0,0.0,0.0,U16,0.0,0.0
U16,W17,0.5,U16:U16:W17,0.0,0.0,0.0,0.0,0.0,0.0,0.0,0.0,0.0,0.0,0.0,0.0,0.0,0.0,0.0,U16,0.0,0.0
U16,W20,0.5,U16:U16:W20,0.0,0.0,0.0,0.0,0.0,0.0,0.0,0.0,0.0,0.0,0.0,0.0,0.0,0.0,0.0,U16,0.0,0.0
U16,H21,0.5,U16:U16:H21,0.0,0.0,0.0,0.0,0.0,0.0,0.0,0.0,0.0,0.0,0.0,0.0,0.0,0.0,0.0,U16,0.0,0.0
U16,U17,0.5,U16:U16:U17,0.0,0.0,0.0,0.0,0.0,0.0,0.0,0.0,0.0,0.0,0.0,0.0,0.0,0.0,0.0,U16,0.0,0.0
U17,U13,0.5,U17:U17:U13,0.0,1.0,0.0,0.0,0.0,0.0,0.0,0.0,0.0,0.0,0.0,0.0,0.0,0.0,0.0,U17,1.0,1.0
U17,CG10,0.5,U17:U17:CG10,0.0,1.0,0.0,0.0,0.0,0.0,0.0,0.0,0.0,0.0,0.0,0.0,0.0,0.0,0.0,U17,1.0,1.0
U17,CG11,0.5,U17:U17:CG11,0.0,1.0,0.0,0.0,0.0,0.0,0.0,0.0,0.0,0.0,0.0,0.0,0.0,0.0,0.0,U17,1.0,1.0
U17,U16,0.5,U17:U17:U16,0.0,0.0,0.0,0.0,0.0,0.0,0.0,0.0,0.0,0.0,0.0,0.0,0.0,0.0,0.0,U17,0.0,0.0
U17,U15,0.5,U17:U17:U15,0.0,0.0,0.0,0.0,0.0,0.0,0.0,0.0,0.0,0.0,0.0,0.0,0.0,0.0,0.0,U17,0.0,0.0
U17,CG14,0.5,U17:U17:CG14,0.0,0.0,0.0,0.0,0.0,0.0,0.0,0.0,0.0,0.0,0.0,0.0,0.0,0.0,0.0,U17,0.0,0.0
U17,CG12,0.5,U17:U17:CG12,0.0,1.0,0.0,0.0,0.0,0.0,0.0,0.0,0.0,0.0,0.0,0.0,0.0,0.0,0.0,U17,1.0,1.0
U17,W20,0.5,U17:U17:W20,0.0,0.0,0.0,0.0,0.0,0.0,0.0,0.0,0.0,0.0,0.0,0.0,0.0,0.0,0.0,U17,0.0,0.0
U17,W9,0.5,U17:U17:W9,0.0,0.0,0.0,0.0,0.0,0.0,0.0,0.0,0.0,0.0,0.0,0.0,0.0,0.0,0.0,U17,0.0,0.0
U18,U7,0.5,U18:U18:U7,0.0,0.0,0.0,1.0,0.0,0.0,0.0,0.0,0.0,0.0,0.0,0.0,0.0,0.0,0.0,U18,1.0,1.0
U18,U13,0.5,U18:U18:U13,0.0,1.0,0.0,0.0,0.0,0.0,0.0,0.0,0.0,0.0,0.0,0.0,0.0,0.0,0.0,U18,1.0,1.0
U18,U16,0.5,U18:U18:U16,0.0,1.0,0.0,0.0,0.0,0.0,0.0,0.0,0.0,0.0,0.0,0.0,0.0,0.0,0.0,U18,1.0,1.0
U18,U8,0.5,U18:U18:U8,0.0,0.0,0.0,0.0,0.0,0.0,0.0,0.0,0.0,0.0,0.0,0.0,0.0,0.0,0.0,U18,0.0,0.0
U18,U11,0.5,U18:U18:U11,0.0,0.0,0.0,0.0,0.0,0.0,0.0,0.0,0.0,0.0,0.0,0.0,0.0,0.0,0.0,U18,0.0,0.0
U18,U12,0.5,U18:U18:U12,0.0,0.0,0.0,0.0,0.0,0.0,0.0,0.0,0.0,0.0,0.0,0.0,0.0,0.0,0.0,U18,0.0,0.0
U19,U4,0.5,U19:U19:U4,0.0,1.0,0.0,0.0,0.0,0.0,0.0,0.0,0.0,0.0,0.0,0.0,0.0,0.0,0.0,U19,1.0,1.0
U19,CG11,0.5,U19:U19:CG11,0.0,1.0,0.0,0.0,0.0,0.0,0.0,0.0,0.0,0.0,0.0,0.0,0.0,0.0,0.0,U19,1.0,1.0
U19,CG10,0.5,U19:U19:CG10,0.0,1.0,0.0,0.0,0.0,0.0,0.0,0.0,0.0,0.0,0.0,0.0,0.0,0.0,0.0,U19,1.0,1.0
U19,H10,0.5,U19:U19:H10,0.0,0.0,0.0,0.0,0.0,0.0,0.0,0.0,0.0,0.0,0.0,0.0,0.0,0.0,0.0,U19,0.0,0.0
U19,H12,0.5,U19:U19:H12,0.0,0.0,0.0,0.0,0.0,0.0,0.0,0.0,0.0,0.0,0.0,0.0,0.0,0.0,0.0,U19,0.0,0.0
U19,H18,0.5,U19:U19:H18,0.0,0.0,0.0,0.0,0.0,0.0,0.0,0.0,0.0,0.0,0.0,0.0,0.0,0.0,0.0,U19,0.0,0.0
U19,W11,0.5,U19:U19:W11,0.0,0.0,0.0,0.0,0.0,0.0,0.0,0.0,0.0,0.0,0.0,0.0,0.0,0.0,0.0,U19,0.0,0.0
U19,W18,0.5,U19:U19:W18,0.0,0.0,0.0,0.0,0.0,0.0,0.0,0.0,0.0,0.0,0.0,0.0,0.0,0.0,0.0,U19,0.0,0.0
U2,W16,0.5,U2:U2:W16,0.0,0.0,1.0,0.0,0.0,0.0,0.0,0.0,0.0,0.0,0.0,0.0,0.0,0.0,0.0,U2,0.0,0.0
U2,H2,0.5,U2:U2:H2,0.0,0.0,1.0,0.0,0.0,0.0,0.0,0.0,0.0,0.0,0.0,0.0,0.0,0.0,0.0,U2,0.0,0.0
U2,H8,0.5,U2:U2:H8,0.0,0.0,1.0,0.0,0.0,0.0,0.0,0.0,0.0,0.0,0.0,0.0,0.0,0.0,0.0,U2,0.0,0.0
U2,W23,0.5,U2:U2:W23,0.0,0.0,1.0,0.0,0.0,0.0,0.0,0.0,0.0,0.0,0.0,0.0,0.0,0.0,0.0,U2,0.0,0.0
U2,U1,0.5,U2:U2:U1,0.0,0.0,1.0,0.0,0.0,0.0,0.0,0.0,0.0,0.0,0.0,0.0,0.0,0.0,0.0,U2,0.0,0.0
U2,H9,0.5,U2:U2:H9,0.0,0.0,1.0,0.0,0.0,0.0,0.0,0.0,0.0,0.0,0.0,0.0,0.0,0.0,0.0,U2,0.0,0.0
U2,U5,0.5,U2:U2:U5,0.0,0.0,1.0,0.0,0.0,0.0,0.0,0.0,0.0,0.0,0.0,0.0,0.0,0.0,0.0,U2,0.0,0.0
U2,M4,0.5,U2:U2:M4,0.0,0.0,1.0,0.0,0.0,0.0,0.0,0.0,0.0,0.0,0.0,0.0,0.0,0.0,0.0,U2,0.0,0.0
U2,M5,0.5,U2:U2:M5,0.0,0.0,1.0,0.0,0.0,0.0,0.0,0.0,0.0,0.0,0.0,0.0,0.0,0.0,0.0,U2,0.0,0.0
U2,M6,0.5,U2:U2:M6,0.0,0.0,1.0,0.0,0.0,0.0,0.0,0.0,0.0,0.0,0.0,0.0,0.0,0.0,0.0,U2,0.0,0.0
U2,M7,0.5,U2:U2:M7,0.0,0.0,1.0,0.0,0.0,0.0,0.0,0.0,0.0,0.0,0.0,0.0,0.0,0.0,0.0,U2,0.0,0.0
U2,M8,0.5,U2:U2:M8,0.0,0.0,1.0,0.0,0.0,0.0,0.0,0.0,0.0,0.0,0.0,0.0,0.0,0.0,0.0,U2,0.0,0.0
U20,W11,0.5,U20:U20:W11,0.0,0.0,1.0,0.0,0.0,0.0,0.0,0.0,0.0,0.0,0.0,0.0,0.0,0.0,0.0,U20,0.0,0.0
U20,W18,0.5,U20:U20:W18,0.0,0.0,1.0,0.0,0.0,0.0,0.0,0.0,0.0,0.0,0.0,0.0,0.0,0.0,0.0,U20,0.0,0.0
U20,W16,0.5,U20:U20:W16,0.0,0.0,1.0,0.0,0.0,0.0,0.0,0.0,0.0,0.0,0.0,0.0,0.0,0.0,0.0,U20,0.0,0.0
U20,W10,0.5,U20:U20:W10,0.0,0.0,1.0,0.0,0.0,0.0,0.0,0.0,0.0,0.0,0.0,0.0,0.0,0.0,0.0,U20,0.0,0.0
U20,W25,0.5,U20:U20:W25,0.0,0.0,1.0,0.0,0.0,0.0,0.0,0.0,0.0,0.0,0.0,0.0,0.0,0.0,0.0,U20,0.0,0.0
U20,W23,0.5,U20:U20:W23,0.0,0.0,1.0,0.0,0.0,1.0,0.0,0.0,0.0,0.0,0.0,0.0,0.0,0.0,0.0,U20,1.0,1.0
U20,U1,0.5,U20:U20:U1,0.0,0.0,1.0,0.0,0.0,0.0,0.0,0.0,0.0,0.0,0.0,0.0,0.0,0.0,0.0,U20,0.0,0.0
U20,H1,0.5,U20:U20:H1,0.0,0.0,1.0,0.0,0.0,0.0,0.0,0.0,0.0,0.0,0.0,0.0,0.0,0.0,0.0,U20,0.0,0.0
U20,H2,0.5,U20:U20:H2,0.0,0.0,1.0,0.0,0.0,0.0,0.0,0.0,0.0,0.0,0.0,0.0,0.0,0.0,0.0,U20,0.0,0.0
U20,H8,0.5,U20:U20:H8,0.0,0.0,1.0,0.0,0.0,0.0,0.0,0.0,0.0,0.0,0.0,0.0,0.0,0.0,0.0,U20,0.0,0.0
U20,U4,0.5,U20:U20:U4,0.0,0.0,1.0,0.0,0.0,0.0,0.0,0.0,0.0,0.0,0.0,0.0,0.0,0.0,0.0,U20,0.0,0.0
U20,H7,0.5,U20:U20:H7,0.0,0.0,1.0,0.0,0.0,0.0,0.0,0.0,0.0,0.0,0.0,0.0,0.0,0.0,0.0,U20,0.0,0.0
U20,H9,0.5,U20:U20:H9,0.0,0.0,1.0,0.0,0.0,0.0,0.0,0.0,0.0,0.0,0.0,0.0,0.0,0.0,0.0,U20,0.0,0.0
U20,U5,0.5,U20:U20:U5,0.0,0.0,1.0,0.0,0.0,0.0,0.0,0.0,0.0,0.0,0.0,0.0,0.0,0.0,0.0,U20,0.0,0.0
U20,H10,0.5,U20:U20:H10,0.0,0.0,1.0,0.0,0.0,0.0,0.0,0.0,0.0,0.0,0.0,0.0,0.0,0.0,0.0,U20,0.0,0.0
U20,H18,0.5,U20:U20:H18,0.0,0.0,1.0,0.0,0.0,0.0,0.0,0.0,0.0,0.0,0.0,0.0,0.0,0.0,0.0,U20,0.0,0.0
U20,M21,0.5,U20:U20:M21,0.0,0.0,1.0,0.0,0.0,0.0,0.0,0.0,0.0,0.0,0.0,0.0,0.0,0.0,0.0,U20,0.0,0.0
U20,M4,0.5,U20:U20:M4,0.0,0.0,1.0,0.0,0.0,0.0,0.0,0.0,0.0,0.0,0.0,0.0,0.0,0.0,0.0,U20,0.0,0.0
U20,M5,0.5,U20:U20:M5,0.0,0.0,1.0,0.0,0.0,0.0,0.0,0.0,0.0,0.0,0.0,0.0,0.0,0.0,0.0,U20,0.0,0.0
U20,M6,0.5,U20:U20:M6,0.0,0.0,1.0,0.0,0.0,0.0,0.0,0.0,0.0,0.0,0.0,0.0,0.0,0.0,0.0,U20,0.0,0.0
U20,M7,0.5,U20:U20:M7,0.0,0.0,1.0,0.0,0.0,0.0,0.0,0.0,0.0,0.0,0.0,0.0,0.0,0.0,0.0,U20,0.0,0.0
U20,M8,0.5,U20:U20:M8,0.0,0.0,1.0,0.0,0.0,0.0,0.0,0.0,0.0,0.0,0.0,0.0,0.0,0.0,0.0,U20,0.0,0.0
U20,M23,0.5,U20:U20:M23,0.0,0.0,1.0,0.0,0.0,0.0,0.0,0.0,0.0,0.0,0.0,0.0,0.0,0.0,0.0,U20,0.0,0.0
U20,M15,0.5,U20:U20:M15,0.0,0.0,1.0,1.0,0.0,0.0,0.0,0.0,0.0,0.0,0.0,0.0,0.0,0.0,0.0,U20,1.0,1.0
U20,M19,0.5,U20:U20:M19,0.0,0.0,1.0,1.0,0.0,0.0,0.0,0.0,0.0,0.0,0.0,0.0,0.0,0.0,0.0,U20,1.0,1.0
U20,M25,0.5,U20:U20:M25,0.0,0.0,1.0,1.0,0.0,0.0,0.0,0.0,0.0,0.0,0.0,0.0,0.0,0.0,0.0,U20,1.0,1.0
U21,H10,0.5,U21:U21:H10,0.0,0.0,0.0,0.0,0.0,0.0,0.0,0.0,0.0,0.0,0.0,0.0,0.0,0.0,0.0,U21,0.0,0.0
U21,H12,0.5,U21:U21:H12,0.0,0.0,0.0,0.0,0.0,0.0,0.0,0.0,0.0,0.0,0.0,0.0,0.0,0.0,0.0,U21,0.0,0.0
U21,H18,0.5,U21:U21:H18,0.0,0.0,0.0,0.0,0.0,0.0,0.0,0.0,0.0,0.0,0.0,0.0,0.0,0.0,0.0,U21,0.0,0.0
U21,W17,0.5,U21:U21:W17,0.0,0.0,0.0,0.0,0.0,0.0,0.0,0.0,0.0,0.0,0.0,0.0,0.0,0.0,0.0,U21,0.0,0.0
U21,U4,0.5,U21:U21:U4,0.0,0.0,0.0,0.0,0.0,0.0,0.0,0.0,0.0,0.0,0.0,0.0,0.0,0.0,0.0,U21,0.0,0.0
U21,U20,0.5,U21:U21:U20,0.0,0.0,0.0,0.0,0.0,0.0,0.0,0.0,0.0,0.0,0.0,0.0,0.0,0.0,0.0,U21,0.0,0.0
U3,M21,0.5,U3:U3:M21,0.0,0.0,1.0,0.0,0.0,0.0,0.0,0.0,0.0,0.0,0.0,0.0,0.0,0.0,0.0,U3,0.0,0.0
U3,M24,0.5,U3:U3:M24,0.0,0.0,1.0,0.0,0.0,0.0,0.0,0.0,0.0,0.0,0.0,0.0,0.0,0.0,0.0,U3,0.0,0.0
U3,M25,0.5,U3:U3:M25,0.0,0.0,1.0,0.0,0.0,0.0,0.0,0.0,0.0,0.0,0.0,0.0,0.0,0.0,0.0,U3,0.0,0.0
U3,M15,0.5,U3:U3:M15,0.0,0.0,1.0,0.0,0.0,0.0,0.0,0.0,0.0,0.0,0.0,0.0,0.0,0.0,0.0,U3,0.0,0.0
U3,H12,0.5,U3:U3:H12,0.0,0.0,1.0,0.0,0.0,0.0,0.0,0.0,0.0,0.0,0.0,0.0,0.0,0.0,0.0,U3,0.0,0.0
U3,M17,0.5,U3:U3:M17,0.0,0.0,1.0,0.0,0.0,0.0,0.0,0.0,0.0,0.0,0.0,0.0,0.0,0.0,0.0,U3,0.0,0.0
U3,U4,0.5,U3:U3:U4,0.0,1.0,1.0,0.0,0.0,0.0,0.0,1.0,0.0,0.0,0.0,0.0,0.0,0.0,0.0,U3,2.0,2.0
U3,MG6,0.5,U3:U3:MG6,0.0,1.0,1.0,0.0,0.0,0.0,0.0,0.0,0.0,0.0,0.0,0.0,0.0,0.0,0.0,U3,1.0,1.0
U3,W23,0.5,U3:U3:W23,0.0,1.0,1.0,0.0,0.0,0.0,0.0,0.0,0.0,0.0,0.0,0.0,0.0,0.0,0.0,U3,1.0,1.0
U3,U20,0.5,U3:U3:U20,0.0,0.0,1.0,0.0,0.0,0.0,0.0,0.0,0.0,0.0,0.0,0.0,0.0,0.0,0.0,U3,0.0,0.0
U4,U1,0.5,U4:U4:U1,0.0,0.0,1.0,0.0,0.0,0.0,0.0,0.0,0.0,0.0,0.0,0.0,0.0,0.0,0.0,U4,0.0,0.0
U4,M23,0.5,U4:U4:M23,0.0,1.0,1.0,1.0,0.0,0.0,0.0,0.0,0.0,0.0,0.0,0.0,0.0,0.0,0.0,U4,2.0,2.0
U4,M18,0.5,U4:U4:M18,0.0,0.0,1.0,0.0,0.0,0.0,0.0,0.0,0.0,0.0,0.0,0.0,0.0,0.0,0.0,U4,0.0,0.0
U4,M25,0.5,U4:U4:M25,0.0,1.0,1.0,1.0,0.0,0.0,0.0,0.0,0.0,0.0,0.0,0.0,0.0,0.0,0.0,U4,2.0,2.0
U4,U5,0.5,U4:U4:U5,0.0,0.0,1.0,0.0,0.0,0.0,0.0,0.0,0.0,0.0,0.0,0.0,0.0,0.0,0.0,U4,0.0,0.0
U4,H18,0.5,U4:U4:H18,0.0,0.0,1.0,0.0,0.0,0.0,0.0,0.0,0.0,0.0,0.0,0.0,0.0,0.0,0.0,U4,0.0,0.0
U4,CG10,0.5,U4:U4:CG10,0.0,0.0,1.0,0.0,0.0,0.0,0.0,0.0,0.0,0.0,0.0,0.0,0.0,0.0,0.0,U4,0.0,0.0
U4,M10,0.5,U4:U4:M10,0.0,0.0,1.0,0.0,0.0,0.0,0.0,0.0,0.0,0.0,0.0,0.0,0.0,0.0,0.0,U4,0.0,0.0
U4,M11,0.5,U4:U4:M11,0.0,0.0,1.0,0.0,0.0,0.0,0.0,0.0,0.0,0.0,0.0,0.0,0.0,0.0,0.0,U4,0.0,0.0
U4,CG11,0.5,U4:U4:CG11,0.0,0.0,1.0,0.0,0.0,0.0,0.0,0.0,0.0,0.0,0.0,0.0,0.0,0.0,0.0,U4,0.0,0.0
U4,CG9,0.5,U4:U4:CG9,0.0,0.0,1.0,0.0,0.0,0.0,0.0,0.0,0.0,0.0,0.0,0.0,0.0,0.0,0.0,U4,0.0,0.0
U4,CG2,0.5,U4:U4:CG2,0.0,0.0,1.0,0.0,0.0,0.0,0.0,0.0,0.0,0.0,0.0,0.0,0.0,0.0,0.0,U4,0.0,0.0
U4,W17,0.5,U4:U4:W17,0.0,0.0,1.0,0.0,0.0,0.0,0.0,0.0,0.0,0.0,0.0,0.0,0.0,0.0,0.0,U4,0.0,0.0
U4,W11,0.5,U4:U4:W11,0.0,1.0,1.0,0.0,0.0,0.0,0.0,0.0,0.0,0.0,0.0,0.0,0.0,0.0,0.0,U4,1.0,1.0
U4,H2,0.5,U4:U4:H2,0.0,0.0,1.0,0.0,0.0,0.0,0.0,0.0,0.0,0.0,0.0,0.0,0.0,0.0,0.0,U4,0.0,0.0
U4,H8,0.5,U4:U4:H8,0.0,0.0,1.0,0.0,0.0,0.0,0.0,0.0,0.0,0.0,0.0,0.0,0.0,0.0,0.0,U4,0.0,0.0
U4,H10,0.5,U4:U4:H10,0.0,0.0,1.0,0.0,0.0,0.0,0.0,0.0,0.0,0.0,0.0,0.0,0.0,0.0,0.0,U4,0.0,0.0
U4,H7,0.5,U4:U4:H7,0.0,0.0,1.0,0.0,0.0,0.0,0.0,0.0,0.0,0.0,0.0,0.0,0.0,0.0,0.0,U4,0.0,0.0
U4,H12,0.5,U4:U4:H12,0.0,0.0,1.0,0.0,0.0,0.0,0.0,0.0,0.0,0.0,0.0,0.0,0.0,0.0,0.0,U4,0.0,0.0
U4,H9,0.5,U4:U4:H9,0.0,0.0,1.0,0.0,0.0,0.0,0.0,0.0,0.0,0.0,0.0,0.0,0.0,0.0,0.0,U4,0.0,0.0
U4,W23,0.5,U4:U4:W23,0.0,1.0,1.0,0.0,0.0,0.0,0.0,0.0,0.0,0.0,0.0,0.0,0.0,0.0,0.0,U4,1.0,1.0
U4,U20,0.5,U4:U4:U20,0.0,0.0,1.0,0.0,0.0,0.0,0.0,0.0,0.0,0.0,0.0,0.0,0.0,0.0,0.0,U4,0.0,0.0
U5,U4,0.5,U5:U5:U4,0.0,1.0,0.0,0.0,0.0,0.0,0.0,1.0,0.0,0.0,0.0,0.0,0.0,0.0,0.0,U5,2.0,2.0
U5,H18,0.5,U5:U5:H18,0.0,0.0,0.0,0.0,0.0,0.0,0.0,0.0,0.0,0.0,0.0,0.0,0.0,0.0,0.0,U5,0.0,0.0
U5,U3,0.5,U5:U5:U3,0.0,0.0,0.0,0.0,0.0,0.0,0.0,0.0,0.0,0.0,0.0,0.0,0.0,0.0,0.0,U5,0.0,0.0
U5,M19,0.5,U5:U5:M19,0.0,0.0,0.0,0.0,0.0,0.0,0.0,0.0,0.0,0.0,0.0,0.0,0.0,0.0,0.0,U5,0.0,0.0
U5,M17,0.5,U5:U5:M17,0.0,0.0,0.0,0.0,0.0,0.0,0.0,0.0,0.0,0.0,0.0,0.0,0.0,0.0,0.0,U5,0.0,0.0
U5,M15,0.5,U5:U5:M15,0.0,0.0,0.0,0.0,0.0,0.0,0.0,0.0,0.0,0.0,0.0,0.0,0.0,0.0,0.0,U5,0.0,0.0
U5,U7,0.5,U5:U5:U7,0.0,1.0,0.0,0.0,0.0,0.0,0.0,1.0,0.0,0.0,0.0,0.0,0.0,0.0,0.0,U5,2.0,2.0
U5,H4,0.5,U5:U5:H4,0.0,0.0,0.0,0.0,0.0,0.0,0.0,0.0,0.0,0.0,0.0,0.0,0.0,0.0,0.0,U5,0.0,0.0
U5,H12,0.5,U5:U5:H12,0.0,0.0,0.0,0.0,0.0,0.0,0.0,0.0,0.0,0.0,0.0,0.0,0.0,0.0,0.0,U5,0.0,0.0
U5,H9,0.5,U5:U5:H9,0.0,0.0,0.0,0.0,0.0,0.0,0.0,0.0,0.0,0.0,0.0,0.0,0.0,0.0,0.0,U5,0.0,0.0
U5,W17,0.5,U5:U5:W17,0.0,0.0,0.0,0.0,0.0,0.0,0.0,1.0,0.0,0.0,0.0,0.0,0.0,0.0,0.0,U5,1.0,1.0
U5,W18,0.5,U5:U5:W18,0.0,0.0,0.0,0.0,0.0,0.0,0.0,1.0,0.0,0.0,0.0,0.0,0.0,0.0,0.0,U5,1.0,1.0
U5,W4,0.5,U5:U5:W4,0.0,1.0,0.0,0.0,0.0,0.0,0.0,0.0,0.0,0.0,0.0,0.0,0.0,0.0,0.0,U5,1.0,1.0
U6,U5,0.5,U6:U6:U5,0.0,1.0,0.0,1.0,0.0,0.0,0.0,1.0,0.0,0.0,0.0,0.0,0.0,0.0,0.0,U6,3.0,3.0
U6,U4,0.5,U6:U6:U4,0.0,0.0,0.0,0.0,0.0,0.0,0.0,0.0,0.0,0.0,0.0,0.0,0.0,0.0,0.0,U6,0.0,0.0
U6,M19,0.5,U6:U6:M19,0.0,0.0,0.0,1.0,0.0,0.0,0.0,0.0,0.0,0.0,0.0,0.0,0.0,0.0,0.0,U6,1.0,1.0
U6,M15,0.5,U6:U6:M15,0.0,1.0,0.0,0.0,0.0,0.0,0.0,0.0,0.0,0.0,0.0,0.0,0.0,0.0,0.0,U6,1.0,1.0
U6,M25,0.5,U6:U6:M25,0.0,0.0,0.0,0.0,0.0,0.0,0.0,0.0,0.0,0.0,0.0,0.0,0.0,0.0,0.0,U6,0.0,0.0
U6,M17,0.5,U6:U6:M17,0.0,0.0,0.0,0.0,0.0,0.0,0.0,0.0,0.0,0.0,0.0,0.0,0.0,0.0,0.0,U6,0.0,0.0
U6,M11,0.5,U6:U6:M11,0.0,0.0,0.0,0.0,0.0,0.0,0.0,0.0,0.0,0.0,0.0,0.0,0.0,0.0,0.0,U6,0.0,0.0
U6,CG10,0.5,U6:U6:CG10,0.0,0.0,0.0,0.0,0.0,0.0,0.0,0.0,0.0,0.0,0.0,0.0,0.0,0.0,0.0,U6,0.0,0.0
U6,H18,0.5,U6:U6:H18,0.0,0.0,0.0,0.0,0.0,0.0,0.0,0.0,0.0,0.0,0.0,0.0,0.0,0.0,0.0,U6,0.0,0.0
U6,W4,0.5,U6:U6:W4,0.0,1.0,0.0,0.0,0.0,0.0,0.0,0.0,0.0,0.0,0.0,0.0,0.0,0.0,0.0,U6,1.0,1.0
U6,W17,0.5,U6:U6:W17,0.0,1.0,0.0,0.0,0.0,0.0,0.0,0.0,0.0,0.0,0.0,0.0,0.0,0.0,0.0,U6,1.0,1.0
U7,H18,0.5,U7:U7:H18,0.0,1.0,0.0,1.0,0.0,0.0,0.0,0.0,0.0,0.0,0.0,0.0,0.0,0.0,0.0,U7,2.0,2.0
U7,H22,0.5,U7:U7:H22,0.0,0.0,0.0,0.0,0.0,0.0,0.0,0.0,0.0,0.0,0.0,0.0,0.0,0.0,0.0,U7,0.0,0.0
U7,U13,0.5,U7:U7:U13,0.0,0.0,0.0,0.0,0.0,0.0,0.0,0.0,0.0,0.0,0.0,0.0,0.0,0.0,0.0,U7,0.0,0.0
U7,U11,0.5,U7:U7:U11,0.0,0.0,0.0,0.0,0.0,0.0,0.0,0.0,0.0,0.0,0.0,0.0,0.0,0.0,0.0,U7,0.0,0.0
U7,U12,0.5,U7:U7:U12,0.0,0.0,0.0,0.0,0.0,0.0,0.0,0.0,0.0,0.0,0.0,0.0,0.0,0.0,0.0,U7,0.0,0.0
U7,U18,0.5,U7:U7:U18,0.0,0.0,0.0,0.0,0.0,0.0,0.0,0.0,0.0,0.0,0.0,0.0,0.0,0.0,0.0,U7,0.0,0.0
U7,U9,0.5,U7:U7:U9,0.0,0.0,0.0,0.0,0.0,0.0,0.0,0.0,0.0,0.0,0.0,0.0,0.0,0.0,0.0,U7,0.0,0.0
U7,U10,0.5,U7:U7:U10,0.0,0.0,0.0,0.0,0.0,0.0,0.0,0.0,0.0,0.0,0.0,0.0,0.0,0.0,0.0,U7,0.0,0.0
U7,H20,0.5,U7:U7:H20,0.0,0.0,0.0,0.0,0.0,0.0,0.0,0.0,0.0,0.0,0.0,0.0,0.0,0.0,0.0,U7,0.0,0.0
U7,H14,0.5,U7:U7:H14,0.0,0.0,0.0,0.0,0.0,0.0,0.0,0.0,0.0,0.0,0.0,0.0,0.0,0.0,0.0,U7,0.0,0.0
U7,H19,0.5,U7:U7:H19,0.0,0.0,0.0,0.0,0.0,0.0,0.0,0.0,0.0,0.0,0.0,0.0,0.0,0.0,0.0,U7,0.0,0.0
U7,H13,0.5,U7:U7:H13,0.0,0.0,0.0,0.0,0.0,0.0,0.0,0.0,0.0,0.0,0.0,0.0,0.0,0.0,0.0,U7,0.0,0.0
U7,U5,0.5,U7:U7:U5,0.0,0.0,0.0,0.0,0.0,0.0,0.0,0.0,0.0,0.0,0.0,0.0,0.0,0.0,0.0,U7,0.0,0.0
U7,U6,0.5,U7:U7:U6,0.0,0.0,0.0,0.0,0.0,0.0,0.0,0.0,0.0,0.0,0.0,0.0,0.0,0.0,0.0,U7,0.0,0.0
U7,M19,0.5,U7:U7:M19,0.0,0.0,0.0,0.0,0.0,0.0,0.0,0.0,0.0,0.0,0.0,0.0,0.0,0.0,0.0,U7,0.0,0.0
U7,M32,0.5,U7:U7:M32,0.0,0.0,0.0,0.0,0.0,0.0,0.0,0.0,0.0,0.0,0.0,0.0,0.0,0.0,0.0,U7,0.0,0.0
U8,U7,0.5,U8:U8:U7,0.0,0.0,0.0,0.0,0.0,0.0,0.0,0.0,0.0,0.0,0.0,0.0,0.0,0.0,0.0,U8,0.0,0.0
U8,H18,0.5,U8:U8:H18,0.0,0.0,0.0,0.0,0.0,0.0,0.0,0.0,0.0,0.0,0.0,0.0,0.0,0.0,0.0,U8,0.0,0.0
U8,U12,0.5,U8:U8:U12,0.0,0.0,0.0,0.0,0.0,0.0,0.0,0.0,0.0,0.0,0.0,0.0,0.0,0.0,0.0,U8,0.0,0.0
U8,M32,0.5,U8:U8:M32,0.0,0.0,0.0,0.0,0.0,0.0,0.0,0.0,0.0,0.0,0.0,0.0,0.0,0.0,0.0,U8,0.0,0.0
U8,U9,0.5,U8:U8:U9,0.0,0.0,0.0,0.0,0.0,0.0,0.0,0.0,0.0,0.0,0.0,0.0,0.0,0.0,0.0,U8,0.0,0.0
U8,U18,0.5,U8:U8:U18,0.0,0.0,0.0,0.0,0.0,0.0,0.0,0.0,0.0,0.0,0.0,0.0,0.0,0.0,0.0,U8,0.0,0.0
U8,U10,0.5,U8:U8:U10,0.0,0.0,0.0,0.0,0.0,0.0,0.0,0.0,0.0,0.0,0.0,0.0,0.0,0.0,0.0,U8,0.0,0.0
U8,U13,0.5,U8:U8:U13,0.0,0.0,0.0,0.0,0.0,0.0,0.0,0.0,0.0,0.0,0.0,0.0,0.0,0.0,0.0,U8,0.0,0.0
U9,U7,0.5,U9:U9:U7,0.0,0.0,0.0,0.0,0.0,0.0,0.0,0.0,0.0,0.0,0.0,0.0,0.0,0.0,0.0,U9,0.0,0.0
U9,H18,0.5,U9:U9:H18,0.0,0.0,0.0,0.0,0.0,0.0,0.0,0.0,0.0,0.0,0.0,0.0,0.0,0.0,0.0,U9,0.0,0.0
U9,U8,0.5,U9:U9:U8,0.0,0.0,0.0,0.0,0.0,0.0,0.0,0.0,0.0,0.0,0.0,0.0,0.0,0.0,0.0,U9,0.0,0.0
U9,U11,0.5,U9:U9:U11,0.0,0.0,0.0,0.0,0.0,0.0,0.0,0.0,0.0,0.0,0.0,0.0,0.0,0.0,0.0,U9,0.0,0.0
U9,U12,0.5,U9:U9:U12,0.0,0.0,0.0,0.0,0.0,0.0,0.0,0.0,0.0,0.0,0.0,0.0,0.0,0.0,0.0,U9,0.0,0.0
U9,U18,0.5,U9:U9:U18,0.0,0.0,0.0,0.0,0.0,0.0,0.0,0.0,0.0,0.0,0.0,0.0,0.0,0.0,0.0,U9,0.0,0.0
U9,U10,0.5,U9:U9:U10,0.0,0.0,0.0,0.0,0.0,0.0,0.0,0.0,0.0,0.0,0.0,0.0,0.0,0.0,0.0,U9,0.0,0.0
W1,S25,0.5,W1:W1:S25,0.0,0.0,1.0,0.0,0.0,0.0,0.0,0.0,0.0,0.0,0.0,0.0,0.0,0.0,0.0,W1,0.0,0.0
W1,S26,0.5,W1:W1:S26,0.0,0.0,1.0,0.0,0.0,0.0,0.0,0.0,0.0,0.0,0.0,0.0,0.0,0.0,0.0,W1,0.0,0.0
W1,W6,0.5,W1:W1:W6,0.0,0.0,1.0,0.0,0.0,0.0,1.0,0.0,0.0,0.0,0.0,0.0,0.0,0.0,0.0,W1,0.0,0.0
W1,MG10,0.5,W1:W1:MG10,0.0,1.0,1.0,0.0,0.0,0.0,0.0,0.0,0.0,0.0,0.0,0.0,0.0,0.0,0.0,W1,1.0,1.0
W1,MG6,0.5,W1:W1:MG6,0.0,1.0,1.0,0.0,0.0,0.0,0.0,0.0,0.0,0.0,0.0,0.0,0.0,0.0,0.0,W1,1.0,1.0
W1,SD16,0.5,W1:W1:SD16,0.0,0.0,1.0,0.0,0.0,0.0,0.0,0.0,0.0,0.0,0.0,0.0,0.0,0.0,0.0,W1,0.0,0.0
W1,W4,0.5,W1:W1:W4,0.0,0.0,1.0,1.0,0.0,0.0,0.0,0.0,0.0,0.0,0.0,0.0,0.0,0.0,0.0,W1,1.0,1.0
W10,W7,0.5,W10:W10:W7,0.0,0.0,0.0,0.0,0.0,0.0,0.0,0.0,0.0,0.0,0.0,0.0,0.0,0.0,0.0,W10,0.0,0.0
W10,W5,0.5,W10:W10:W5,0.0,0.0,0.0,0.0,0.0,0.0,0.0,0.0,0.0,0.0,0.0,0.0,0.0,0.0,0.0,W10,0.0,0.0
W10,W6,0.5,W10:W10:W6,0.0,0.0,0.0,0.0,0.0,0.0,0.0,0.0,0.0,0.0,0.0,0.0,0.0,0.0,0.0,W10,0.0,0.0
W10,W8,0.5,W10:W10:W8,0.0,0.0,0.0,0.0,0.0,0.0,0.0,0.0,0.0,0.0,0.0,0.0,0.0,0.0,0.0,W10,0.0,0.0
W10,W16,0.5,W10:W10:W16,0.0,0.0,0.0,0.0,0.0,0.0,0.0,0.0,0.0,0.0,0.0,0.0,0.0,0.0,0.0,W10,0.0,0.0
W10,W24,0.5,W10:W10:W24,0.0,0.0,0.0,0.0,0.0,0.0,0.0,0.0,0.0,0.0,0.0,0.0,0.0,0.0,0.0,W10,0.0,0.0
W10,MG10,0.5,W10:W10:MG10,0.0,0.0,0.0,1.0,0.0,0.0,0.0,0.0,0.0,0.0,0.0,0.0,0.0,0.0,0.0,W10,1.0,1.0
W10,MG9,0.5,W10:W10:MG9,0.0,0.0,0.0,1.0,0.0,0.0,0.0,0.0,0.0,0.0,0.0,0.0,0.0,0.0,0.0,W10,1.0,1.0
W11,W9,0.5,W11:W11:W9,0.0,1.0,0.0,0.0,0.0,0.0,0.0,0.0,0.0,0.0,0.0,0.0,0.0,0.0,0.0,W11,1.0,1.0
W11,W7,0.5,W11:W11:W7,0.0,0.0,0.0,0.0,0.0,0.0,0.0,0.0,0.0,0.0,0.0,0.0,0.0,0.0,0.0,W11,0.0,0.0
W11,W4,0.5,W11:W11:W4,0.0,0.0,0.0,0.0,0.0,0.0,0.0,0.0,0.0,0.0,0.0,0.0,0.0,0.0,0.0,W11,0.0,0.0
W11,W17,0.5,W11:W11:W17,0.0,1.0,0.0,0.0,1.0,0.0,0.0,1.0,1.0,0.0,0.0,0.0,0.0,0.0,0.0,W11,4.0,4.0
W11,W18,0.5,W11:W11:W18,0.0,0.0,0.0,0.0,0.0,0.0,0.0,0.0,0.0,0.0,0.0,0.0,0.0,0.0,0.0,W11,0.0,0.0
W11,U4,0.5,W11:W11:U4,0.0,1.0,0.0,0.0,0.0,0.0,0.0,0.0,0.0,0.0,0.0,0.0,0.0,0.0,0.0,W11,1.0,1.0
W11,U16,0.5,W11:W11:U16,0.0,0.0,0.0,0.0,0.0,0.0,0.0,0.0,0.0,0.0,0.0,0.0,0.0,0.0,0.0,W11,0.0,0.0
W11,U20,0.5,W11:W11:U20,0.0,0.0,0.0,0.0,0.0,0.0,0.0,0.0,0.0,0.0,0.0,0.0,0.0,0.0,0.0,W11,0.0,0.0
W12,W14,0.5,W12:W12:W14,0.0,0.0,0.0,0.0,0.0,0.0,0.0,0.0,0.0,0.0,0.0,0.0,0.0,0.0,0.0,W12,0.0,0.0
W12,W8,0.5,W12:W12:W8,0.0,0.0,0.0,0.0,0.0,0.0,0.0,0.0,0.0,0.0,0.0,0.0,0.0,0.0,0.0,W12,0.0,0.0
W13,CG2,0.5,W13:W13:CG2,0.0,0.0,1.0,0.0,0.0,0.0,0.0,0.0,0.0,0.0,0.0,0.0,0.0,0.0,0.0,W13,0.0,0.0
W13,W21,0.5,W13:W13:W21,0.0,0.0,1.0,0.0,0.0,0.0,0.0,0.0,0.0,0.0,0.0,0.0,0.0,0.0,0.0,W13,0.0,0.0
W13,CG7,0.5,W13:W13:CG7,0.0,0.0,1.0,0.0,0.0,0.0,0.0,0.0,0.0,0.0,0.0,0.0,0.0,0.0,0.0,W13,0.0,0.0
W13,W12,0.5,W13:W13:W12,0.0,0.0,1.0,0.0,0.0,0.0,0.0,0.0,0.0,0.0,0.0,0.0,0.0,0.0,0.0,W13,0.0,0.0
W14,W12,0.5,W14:W14:W12,0.0,0.0,1.0,0.0,0.0,0.0,0.0,0.0,0.0,0.0,0.0,0.0,0.0,0.0,0.0,W14,0.0,0.0
W14,W15,0.5,W14:W14:W15,0.0,0.0,1.0,0.0,0.0,0.0,0.0,0.0,0.0,0.0,0.0,0.0,0.0,0.0,0.0,W14,0.0,0.0
W14,W10,0.5,W14:W14:W10,0.0,0.0,1.0,1.0,0.0,0.0,0.0,0.0,0.0,0.0,0.0,0.0,0.0,0.0,0.0,W14,1.0,1.0
W14,H3,0.5,W14:W14:H3,0.0,0.0,1.0,0.0,0.0,0.0,0.0,0.0,0.0,0.0,0.0,0.0,0.0,0.0,0.0,W14,0.0,0.0
W14,MG5,0.5,W14:W14:MG5,0.0,0.0,1.0,0.0,0.0,0.0,0.0,0.0,0.0,0.0,0.0,0.0,0.0,0.0,0.0,W14,0.0,0.0
W14,MG6,0.5,W14:W14:MG6,0.0,0.0,1.0,0.0,0.0,0.0,0.0,0.0,0.0,0.0,0.0,0.0,0.0,0.0,0.0,W14,0.0,0.0
W14,W21,0.5,W14:W14:W21,0.0,0.0,1.0,0.0,0.0,0.0,0.0,0.0,0.0,0.0,0.0,0.0,0.0,0.0,0.0,W14,0.0,0.0
W14,W24,0.5,W14:W14:W24,0.0,0.0,1.0,0.0,0.0,0.0,0.0,0.0,0.0,0.0,0.0,0.0,0.0,0.0,0.0,W14,0.0,0.0
W15,W16,0.5,W15:W15:W16,0.0,0.0,0.0,0.0,0.0,0.0,0.0,0.0,0.0,0.0,0.0,0.0,0.0,0.0,0.0,W15,0.0,0.0
W15,W14,0.5,W15:W15:W14,0.0,0.0,0.0,0.0,0.0,0.0,0.0,0.0,0.0,0.0,0.0,0.0,0.0,0.0,0.0,W15,0.0,0.0
W15,W10,0.5,W15:W15:W10,0.0,0.0,0.0,0.0,0.0,0.0,0.0,0.0,0.0,0.0,0.0,0.0,0.0,0.0,0.0,W15,0.0,0.0
W16,W10,0.5,W16:W16:W10,0.0,0.0,1.0,1.0,0.0,0.0,0.0,0.0,0.0,0.0,0.0,0.0,0.0,0.0,0.0,W16,1.0,1.0
W16,W7,0.5,W16:W16:W7,0.0,0.0,1.0,0.0,0.0,0.0,0.0,0.0,0.0,0.0,0.0,0.0,0.0,0.0,0.0,W16,0.0,0.0
W16,W4,0.5,W16:W16:W4,0.0,0.0,1.0,0.0,0.0,0.0,0.0,0.0,0.0,0.0,0.0,0.0,0.0,0.0,0.0,W16,0.0,0.0
W16,H3,0.5,W16:W16:H3,0.0,0.0,1.0,0.0,0.0,0.0,0.0,0.0,0.0,0.0,0.0,0.0,0.0,0.0,0.0,W16,0.0,0.0
W16,H1,0.5,W16:W16:H1,0.0,0.0,1.0,0.0,0.0,0.0,0.0,0.0,0.0,0.0,0.0,0.0,0.0,0.0,0.0,W16,0.0,0.0
W16,H2,0.5,W16:W16:H2,0.0,0.0,1.0,0.0,0.0,0.0,0.0,0.0,0.0,0.0,0.0,0.0,0.0,0.0,0.0,W16,0.0,0.0
W16,H8,0.5,W16:W16:H8,0.0,0.0,1.0,0.0,0.0,0.0,0.0,0.0,0.0,0.0,0.0,0.0,0.0,0.0,0.0,W16,0.0,0.0
W16,H9,0.5,W16:W16:H9,0.0,0.0,1.0,0.0,0.0,0.0,0.0,0.0,0.0,0.0,0.0,0.0,0.0,0.0,0.0,W16,0.0,0.0
W16,H12,0.5,W16:W16:H12,0.0,0.0,1.0,0.0,0.0,0.0,0.0,0.0,0.0,0.0,0.0,0.0,0.0,0.0,0.0,W16,0.0,0.0
W16,W15,0.5,W16:W16:W15,0.0,0.0,1.0,0.0,0.0,0.0,0.0,0.0,0.0,0.0,0.0,0.0,0.0,0.0,0.0,W16,0.0,0.0
W16,W14,0.5,W16:W16:W14,0.0,0.0,1.0,0.0,0.0,0.0,0.0,0.0,0.0,0.0,0.0,0.0,0.0,0.0,0.0,W16,0.0,0.0
W17,W11,0.5,W17:W17:W11,0.0,0.0,0.0,0.0,0.0,0.0,0.0,0.0,0.0,0.0,0.0,0.0,0.0,0.0,0.0,W17,0.0,0.0
W17,W9,0.5,W17:W17:W9,0.0,0.0,0.0,0.0,0.0,0.0,0.0,0.0,0.0,0.0,0.0,0.0,0.0,0.0,0.0,W17,0.0,0.0
W17,W7,0.5,W17:W17:W7,0.0,0.0,0.0,0.0,0.0,0.0,0.0,0.0,0.0,0.0,0.0,0.0,0.0,0.0,0.0,W17,0.0,0.0
W17,U16,0.5,W17:W17:U16,0.0,0.0,0.0,0.0,0.0,0.0,0.0,0.0,0.0,0.0,0.0,0.0,0.0,0.0,0.0,W17,0.0,0.0
W17,H12,0.5,W17:W17:H12,0.0,1.0,0.0,0.0,0.0,0.0,1.0,1.0,1.0,0.0,0.0,0.0,0.0,0.0,0.0,W17,3.0,3.0
W17,U4,0.5,W17:W17:U4,0.0,1.0,0.0,0.0,0.0,0.0,1.0,1.0,1.0,0.0,0.0,0.0,0.0,0.0,0.0,W17,3.0,3.0
W17,U20,0.5,W17:W17:U20,0.0,1.0,0.0,0.0,0.0,0.0,1.0,1.0,1.0,0.0,0.0,0.0,0.0,0.0,0.0,W17,3.0,3.0
W17,W18,0.5,W17:W17:W18,0.0,0.0,0.0,0.0,0.0,0.0,0.0,0.0,0.0,0.0,0.0,0.0,0.0,0.0,0.0,W17,0.0,0.0
W18,H12,0.5,W18:W18:H12,0.0,0.0,0.0,0.0,0.0,0.0,0.0,1.0,0.0,0.0,0.0,0.0,0.0,0.0,0.0,W18,1.0,1.0
W18,H17,0.5,W18:W18:H17,0.0,0.0,0.0,0.0,0.0,0.0,0.0,1.0,0.0,0.0,0.0,0.0,0.0,0.0,0.0,W18,1.0,1.0
W18,M15,0.5,W18:W18:M15,0.0,0.0,0.0,0.0,0.0,0.0,0.0,0.0,0.0,0.0,0.0,0.0,0.0,0.0,0.0,W18,0.0,0.0
W18,W4,0.5,W18:W18:W4,0.0,0.0,0.0,0.0,0.0,0.0,0.0,0.0,0.0,0.0,0.0,0.0,0.0,0.0,0.0,W18,0.0,0.0
W18,W3,0.5,W18:W18:W3,0.0,0.0,0.0,0.0,0.0,0.0,0.0,0.0,0.0,0.0,0.0,0.0,0.0,0.0,0.0,W18,0.0,0.0
W18,M10,0.5,W18:W18:M10,0.0,0.0,0.0,0.0,0.0,0.0,0.0,0.0,0.0,0.0,0.0,0.0,0.0,0.0,0.0,W18,0.0,0.0
W18,M11,0.5,W18:W18:M11,0.0,0.0,0.0,0.0,0.0,0.0,0.0,0.0,0.0,0.0,0.0,0.0,0.0,0.0,0.0,W18,0.0,0.0
W18,W7,0.5,W18:W18:W7,0.0,0.0,0.0,0.0,0.0,0.0,0.0,0.0,0.0,0.0,0.0,0.0,0.0,0.0,0.0,W18,0.0,0.0
W18,W17,0.5,W18:W18:W17,0.0,0.0,0.0,0.0,0.0,0.0,0.0,0.0,0.0,0.0,0.0,0.0,0.0,0.0,0.0,W18,0.0,0.0
W19,H18,0.5,W19:W19:H18,0.0,1.0,0.0,0.0,1.0,0.0,0.0,1.0,0.0,0.0,0.0,0.0,0.0,0.0,0.0,W19,3.0,3.0
W19,CG9,0.5,W19:W19:CG9,0.0,0.0,0.0,0.0,0.0,0.0,0.0,0.0,0.0,0.0,0.0,0.0,0.0,0.0,0.0,W19,0.0,0.0
W19,M15,0.5,W19:W19:M15,0.0,0.0,0.0,0.0,0.0,0.0,0.0,0.0,0.0,0.0,0.0,0.0,0.0,0.0,0.0,W19,0.0,0.0
W19,W7,0.5,W19:W19:W7,0.0,1.0,0.0,0.0,0.0,0.0,0.0,0.0,0.0,0.0,1.0,0.0,0.0,0.0,0.0,W19,2.0,2.0
W19,W3,0.5,W19:W19:W3,0.0,1.0,0.0,0.0,0.0,0.0,0.0,0.0,0.0,0.0,1.0,0.0,0.0,0.0,0.0,W19,2.0,2.0
W19,U16,0.5,W19:W19:U16,0.0,0.0,0.0,0.0,0.0,0.0,0.0,0.0,0.0,0.0,0.0,0.0,0.0,0.0,0.0,W19,0.0,0.0
W19,U17,0.5,W19:W19:U17,0.0,0.0,0.0,0.0,0.0,0.0,0.0,0.0,0.0,0.0,0.0,0.0,0.0,0.0,0.0,W19,0.0,0.0
W19,W17,0.5,W19:W19:W17,0.0,0.0,0.0,0.0,0.0,0.0,0.0,0.0,0.0,0.0,0.0,0.0,0.0,0.0,0.0,W19,0.0,0.0
W19,W18,0.5,W19:W19:W18,0.0,0.0,0.0,0.0,0.0,0.0,0.0,0.0,0.0,0.0,0.0,0.0,0.0,0.0,0.0,W19,0.0,0.0
W19,W11,0.5,W19:W19:W11,0.0,0.0,0.0,0.0,0.0,0.0,0.0,0.0,0.0,0.0,0.0,0.0,0.0,0.0,0.0,W19,0.0,0.0
W2,S24,0.5,W2:W2:S24,1.0,0.0,0.0,0.0,0.0,0.0,0.0,0.0,0.0,0.0,0.0,0.0,0.0,0.0,0.0,W2,1.0,1.0
W2,S25,0.5,W2:W2:S25,1.0,0.0,0.0,0.0,0.0,0.0,0.0,0.0,0.0,0.0,0.0,0.0,0.0,0.0,0.0,W2,1.0,1.0
W2,W6,0.5,W2:W2:W6,0.0,0.0,0.0,0.0,0.0,0.0,0.0,0.0,0.0,0.0,0.0,0.0,0.0,0.0,0.0,W2,0.0,0.0
W2,W4,0.5,W2:W2:W4,0.0,0.0,0.0,0.0,0.0,0.0,0.0,0.0,0.0,0.0,0.0,0.0,0.0,0.0,0.0,W2,0.0,0.0
W2,W5,0.5,W2:W2:W5,0.0,0.0,0.0,0.0,0.0,0.0,0.0,0.0,0.0,0.0,0.0,0.0,0.0,0.0,0.0,W2,0.0,0.0
W2,S27,0.5,W2:W2:S27,0.0,0.0,0.0,0.0,0.0,0.0,0.0,0.0,0.0,0.0,0.0,0.0,0.0,0.0,0.0,W2,0.0,0.0
W2,W3,0.5,W2:W2:W3,0.0,0.0,0.0,0.0,0.0,0.0,0.0,0.0,0.0,0.0,0.0,0.0,0.0,0.0,0.0,W2,0.0,0.0
W20,CG10,0.5,W20:W20:CG10,0.0,0.0,0.0,0.0,0.0,0.0,0.0,0.0,0.0,0.0,0.0,0.0,0.0,0.0,0.0,W20,0.0,0.0
W20,CG11,0.5,W20:W20:CG11,0.0,0.0,0.0,0.0,0.0,0.0,0.0,0.0,0.0,0.0,0.0,0.0,0.0,0.0,0.0,W20,0.0,0.0
W20,CG12,0.5,W20:W20:CG12,0.0,1.0,0.0,0.0,0.0,0.0,0.0,0.0,0.0,0.0,0.0,0.0,0.0,0.0,0.0,W20,1.0,1.0
W20,CG14,0.5,W20:W20:CG14,0.0,0.0,0.0,0.0,0.0,0.0,0.0,0.0,0.0,0.0,0.0,0.0,0.0,0.0,0.0,W20,0.0,0.0
W20,U17,0.5,W20:W20:U17,0.0,0.0,0.0,0.0,0.0,0.0,0.0,0.0,0.0,0.0,0.0,0.0,0.0,0.0,0.0,W20,0.0,0.0
W20,U16,0.5,W20:W20:U16,0.0,0.0,0.0,0.0,0.0,0.0,0.0,0.0,0.0,0.0,0.0,0.0,0.0,0.0,0.0,W20,0.0,0.0
W20,W9,0.5,W20:W20:W9,0.0,0.0,0.0,0.0,0.0,0.0,0.0,0.0,0.0,0.0,0.0,0.0,0.0,0.0,0.0,W20,0.0,0.0
W21,W24,0.5,W21:W21:W24,0.0,0.0,1.0,0.0,0.0,0.0,0.0,0.0,0.0,1.0,0.0,0.0,0.0,0.0,0.0,W21,1.0,1.0
W21,W10,0.5,W21:W21:W10,0.0,0.0,1.0,0.0,0.0,0.0,0.0,0.0,0.0,0.0,0.0,0.0,0.0,0.0,0.0,W21,0.0,0.0
W21,W14,0.5,W21:W21:W14,0.0,0.0,1.0,0.0,0.0,0.0,0.0,0.0,0.0,0.0,0.0,0.0,0.0,0.0,0.0,W21,0.0,0.0
W21,W8,0.5,W21:W21:W8,0.0,0.0,1.0,0.0,0.0,0.0,0.0,0.0,0.0,0.0,0.0,0.0,0.0,0.0,0.0,W21,0.0,0.0
W21,MG6,0.5,W21:W21:MG6,0.0,0.0,1.0,0.0,0.0,0.0,0.0,0.0,0.0,0.0,0.0,0.0,0.0,0.0,0.0,W21,0.0,0.0
W21,MG5,0.5,W21:W21:MG5,0.0,0.0,1.0,0.0,0.0,0.0,0.0,0.0,0.0,0.0,0.0,0.0,0.0,0.0,0.0,W21,0.0,0.0
W21,MC9,0.5,W21:W21:MC9,0.0,1.0,1.0,0.0,0.0,0.0,0.0,0.0,0.0,0.0,0.0,0.0,0.0,0.0,0.0,W21,1.0,1.0
W21,MC11,0.5,W21:W21:MC11,0.0,1.0,1.0,0.0,0.0,0.0,0.0,0.0,0.0,0.0,0.0,0.0,0.0,0.0,0.0,W21,1.0,1.0
W21,MC10,0.5,W21:W21:MC10,0.0,1.0,1.0,0.0,0.0,0.0,0.0,0.0,0.0,0.0,0.0,0.0,0.0,0.0,0.0,W21,1.0,1.0
W21,CG8,0.5,W21:W21:CG8,0.0,0.0,1.0,0.0,0.0,0.0,0.0,0.0,0.0,0.0,0.0,0.0,0.0,0.0,0.0,W21,0.0,0.0
W21,CG1,0.5,W21:W21:CG1,0.0,0.0,1.0,0.0,0.0,0.0,0.0,0.0,0.0,0.0,0.0,0.0,0.0,0.0,0.0,W21,0.0,0.0
W21,W12,0.5,W21:W21:W12,0.0,0.0,1.0,0.0,0.0,0.0,0.0,0.0,0.0,0.0,0.0,0.0,0.0,1.0,0.0,W21,1.0,1.0
W22,MG10,0.5,W22:W22:MG10,0.0,0.0,1.0,0.0,0.0,0.0,0.0,0.0,0.0,0.0,0.0,0.0,0.0,0.0,0.0,W22,0.0,0.0
W22,MG9,0.5,W22:W22:MG9,0.0,0.0,1.0,0.0,0.0,0.0,0.0,0.0,0.0,0.0,0.0,0.0,0.0,0.0,0.0,W22,0.0,0.0
W22,W24,0.5,W22:W22:W24,0.0,0.0,1.0,0.0,0.0,0.0,0.0,0.0,0.0,0.0,0.0,0.0,0.0,0.0,0.0,W22,0.0,0.0
W22,W25,0.5,W22:W22:W25,0.0,0.0,1.0,0.0,0.0,0.0,0.0,0.0,0.0,0.0,0.0,0.0,0.0,0.0,0.0,W22,0.0,0.0
W22,W10,0.5,W22:W22:W10,0.0,0.0,1.0,0.0,0.0,0.0,0.0,0.0,0.0,0.0,0.0,0.0,0.0,0.0,0.0,W22,0.0,0.0
W22,W8,0.5,W22:W22:W8,0.0,0.0,1.0,0.0,0.0,0.0,0.0,0.0,0.0,0.0,0.0,0.0,0.0,0.0,0.0,W22,0.0,0.0
W22,W14,0.5,W22:W22:W14,0.0,0.0,1.0,0.0,0.0,0.0,0.0,0.0,0.0,0.0,0.0,0.0,0.0,0.0,0.0,W22,0.0,0.0
W22,W7,0.5,W22:W22:W7,0.0,0.0,1.0,0.0,0.0,0.0,0.0,0.0,0.0,0.0,0.0,0.0,0.0,0.0,0.0,W22,0.0,0.0
W22,MC9,0.5,W22:W22:MC9,0.0,0.0,1.0,0.0,0.0,0.0,0.0,0.0,0.0,0.0,0.0,0.0,0.0,0.0,0.0,W22,0.0,0.0
W23,U4,0.5,W23:W23:U4,0.0,0.0,1.0,0.0,0.0,0.0,1.0,0.0,0.0,0.0,0.0,0.0,0.0,0.0,0.0,W23,0.0,0.0
W23,MG6,0.5,W23:W23:MG6,0.0,0.0,1.0,0.0,0.0,0.0,1.0,0.0,0.0,0.0,0.0,0.0,0.0,0.0,0.0,W23,0.0,0.0
W23,MG5,0.5,W23:W23:MG5,0.0,0.0,1.0,0.0,0.0,0.0,1.0,0.0,0.0,0.0,0.0,0.0,0.0,0.0,0.0,W23,0.0,0.0
W23,MC9,0.5,W23:W23:MC9,0.0,0.0,1.0,0.0,0.0,0.0,0.0,0.0,0.0,0.0,0.0,0.0,0.0,0.0,0.0,W23,0.0,0.0
W23,MC10,0.5,W23:W23:MC10,0.0,0.0,1.0,0.0,0.0,0.0,0.0,0.0,0.0,0.0,0.0,0.0,0.0,0.0,0.0,W23,0.0,0.0
W23,U20,0.5,W23:W23:U20,0.0,1.0,1.0,0.0,0.0,0.0,0.0,0.0,0.0,0.0,0.0,0.0,0.0,0.0,0.0,W23,1.0,1.0
W23,W25,0.5,W23:W23:W25,0.0,1.0,1.0,0.0,0.0,0.0,0.0,0.0,0.0,0.0,0.0,0.0,0.0,0.0,0.0,W23,1.0,1.0
W23,W21,0.5,W23:W23:W21,0.0,0.0,1.0,0.0,0.0,0.0,0.0,0.0,0.0,0.0,0.0,0.0,0.0,0.0,0.0,W23,0.0,0.0
W23,W22,0.5,W23:W23:W22,0.0,0.0,1.0,0.0,0.0,0.0,0.0,0.0,0.0,0.0,0.0,0.0,0.0,0.0,0.0,W23,0.0,0.0
W23,H3,0.5,W23:W23:H3,0.0,0.0,1.0,0.0,0.0,0.0,0.0,0.0,0.0,0.0,0.0,0.0,0.0,0.0,0.0,W23,0.0,0.0
W23,H4,0.5,W23:W23:H4,0.0,0.0,1.0,0.0,0.0,0.0,0.0,0.0,0.0,0.0,0.0,0.0,0.0,0.0,0.0,W23,0.0,0.0
W23,H2,0.5,W23:W23:H2,0.0,0.0,1.0,0.0,0.0,0.0,0.0,0.0,0.0,0.0,0.0,0.0,0.0,0.0,0.0,W23,0.0,0.0
W23,H8,0.5,W23:W23:H8,0.0,0.0,1.0,0.0,0.0,0.0,0.0,0.0,0.0,0.0,0.0,0.0,0.0,0.0,0.0,W23,0.0,0.0
W23,H10,0.5,W23:W23:H10,0.0,0.0,1.0,0.0,0.0,0.0,0.0,0.0,0.0,0.0,0.0,0.0,0.0,0.0,0.0,W23,0.0,0.0
W23,H7,0.5,W23:W23:H7,0.0,0.0,1.0,0.0,0.0,0.0,0.0,0.0,0.0,0.0,0.0,0.0,0.0,0.0,0.0,W23,0.0,0.0
W23,W10,0.5,W23:W23:W10,0.0,0.0,1.0,0.0,0.0,0.0,0.0,0.0,0.0,0.0,0.0,0.0,0.0,0.0,0.0,W23,0.0,0.0
W23,W14,0.5,W23:W23:W14,0.0,0.0,1.0,0.0,0.0,0.0,0.0,0.0,0.0,0.0,0.0,0.0,0.0,0.0,0.0,W23,0.0,0.0
W23,W16,0.5,W23:W23:W16,0.0,0.0,1.0,0.0,0.0,0.0,0.0,0.0,0.0,0.0,0.0,0.0,0.0,0.0,0.0,W23,0.0,0.0
W23,W11,0.5,W23:W23:W11,0.0,0.0,1.0,0.0,0.0,0.0,0.0,0.0,0.0,0.0,0.0,0.0,0.0,0.0,0.0,W23,0.0,0.0
W23,W17,0.5,W23:W23:W17,0.0,0.0,1.0,0.0,0.0,0.0,0.0,0.0,0.0,0.0,0.0,0.0,0.0,0.0,0.0,W23,0.0,0.0
W24,W21,0.5,W24:W24:W21,0.0,0.0,1.0,0.0,0.0,0.0,0.0,1.0,0.0,0.0,0.0,0.0,0.0,0.0,0.0,W24,1.0,1.0
W24,W10,0.5,W24:W24:W10,0.0,0.0,1.0,0.0,0.0,0.0,0.0,1.0,0.0,0.0,0.0,0.0,0.0,0.0,0.0,W24,1.0,1.0
W24,W23,0.5,W24:W24:W23,0.0,0.0,1.0,0.0,0.0,0.0,0.0,0.0,0.0,0.0,0.0,0.0,0.0,0.0,0.0,W24,0.0,0.0
W24,MG6,0.5,W24:W24:MG6,0.0,0.0,1.0,0.0,0.0,0.0,0.0,0.0,0.0,0.0,0.0,0.0,0.0,0.0,0.0,W24,0.0,0.0
W24,MG5,0.5,W24:W24:MG5,0.0,1.0,1.0,0.0,0.0,0.0,0.0,0.0,0.0,0.0,0.0,0.0,0.0,0.0,0.0,W24,1.0,1.0
W24,W22,0.5,W24:W24:W22,0.0,0.0,1.0,0.0,0.0,0.0,0.0,0.0,0.0,0.0,0.0,0.0,0.0,0.0,0.0,W24,0.0,0.0
W24,W14,0.5,W24:W24:W14,0.0,0.0,1.0,0.0,0.0,0.0,0.0,0.0,0.0,0.0,0.0,0.0,0.0,0.0,0.0,W24,0.0,0.0
W24,W8,0.5,W24:W24:W8,0.0,0.0,1.0,0.0,0.0,0.0,0.0,0.0,0.0,0.0,0.0,0.0,0.0,0.0,0.0,W24,0.0,0.0
W25,W10,0.5,W25:W25:W10,0.0,0.0,1.0,0.0,0.0,0.0,0.0,0.0,0.0,0.0,0.0,0.0,0.0,0.0,0.0,W25,0.0,0.0
W25,W22,0.5,W25:W25:W22,0.0,0.0,1.0,0.0,0.0,0.0,0.0,0.0,0.0,0.0,0.0,0.0,0.0,0.0,0.0,W25,0.0,0.0
W25,MC9,0.5,W25:W25:MC9,0.0,0.0,1.0,0.0,0.0,0.0,0.0,0.0,0.0,0.0,0.0,0.0,0.0,0.0,0.0,W25,0.0,0.0
W25,W23,0.5,W25:W25:W23,0.0,0.0,1.0,0.0,0.0,0.0,0.0,0.0,0.0,0.0,0.0,0.0,0.0,0.0,0.0,W25,0.0,0.0
W25,U20,0.5,W25:W25:U20,0.0,1.0,1.0,0.0,0.0,0.0,1.0,0.0,1.0,0.0,0.0,0.0,0.0,0.0,0.0,W25,2.0,2.0
W3,S27,0.5,W3:W3:S27,0.0,0.0,0.0,0.0,0.0,0.0,0.0,0.0,0.0,0.0,0.0,0.0,0.0,0.0,0.0,W3,0.0,0.0
W3,M5,0.5,W3:W3:M5,0.0,0.0,0.0,0.0,0.0,0.0,0.0,0.0,0.0,0.0,0.0,0.0,0.0,0.0,0.0,W3,0.0,0.0
W3,W4,0.5,W3:W3:W4,0.0,0.0,0.0,0.0,0.0,0.0,0.0,0.0,0.0,0.0,0.0,0.0,0.0,0.0,0.0,W3,0.0,0.0
W3,M9,0.5,W3:W3:M9,0.0,0.0,0.0,0.0,0.0,0.0,0.0,0.0,0.0,0.0,0.0,0.0,0.0,0.0,0.0,W3,0.0,0.0
W3,M19,0.5,W3:W3:M19,0.0,0.0,0.0,0.0,0.0,0.0,0.0,0.0,0.0,0.0,0.0,0.0,0.0,0.0,0.0,W3,0.0,0.0
W3,M25,0.5,W3:W3:M25,0.0,0.0,0.0,0.0,0.0,0.0,0.0,0.0,0.0,0.0,0.0,0.0,0.0,0.0,0.0,W3,0.0,0.0
W3,W6,0.5,W3:W3:W6,0.0,0.0,0.0,0.0,0.0,0.0,0.0,0.0,0.0,0.0,0.0,0.0,0.0,0.0,0.0,W3,0.0,0.0
W3,W2,0.5,W3:W3:W2,0.0,0.0,0.0,0.0,0.0,0.0,0.0,0.0,0.0,0.0,0.0,0.0,0.0,0.0,0.0,W3,0.0,0.0
W4,M18,0.5,W4:W4:M18,0.0,0.0,0.0,0.0,0.0,0.0,0.0,0.0,0.0,0.0,0.0,0.0,0.0,0.0,0.0,W4,0.0,0.0
W4,S24,0.5,W4:W4:S24,0.0,0.0,0.0,0.0,0.0,0.0,0.0,0.0,0.0,0.0,0.0,0.0,0.0,0.0,0.0,W4,0.0,0.0
W4,S27,0.5,W4:W4:S27,0.0,0.0,0.0,0.0,0.0,0.0,0.0,0.0,0.0,0.0,0.0,0.0,0.0,0.0,0.0,W4,0.0,0.0
W4,W3,0.5,W4:W4:W3,0.0,0.0,0.0,0.0,0.0,0.0,0.0,0.0,0.0,0.0,0.0,0.0,0.0,0.0,0.0,W4,0.0,0.0
W5,S3,0.5,W5:W5:S3,0.0,0.0,0.0,0.0,0.0,0.0,0.0,0.0,0.0,0.0,0.0,0.0,0.0,0.0,0.0,W5,0.0,0.0
W5,S24,0.5,W5:W5:S24,0.0,0.0,0.0,0.0,0.0,0.0,0.0,0.0,0.0,0.0,0.0,0.0,0.0,0.0,0.0,W5,0.0,0.0
W5,S25,0.5,W5:W5:S25,0.0,0.0,0.0,0.0,0.0,0.0,0.0,0.0,0.0,0.0,0.0,0.0,0.0,0.0,0.0,W5,0.0,0.0
W5,W2,0.5,W5:W5:W2,0.0,0.0,0.0,0.0,0.0,1.0,0.0,0.0,1.0,1.0,0.0,0.0,0.0,0.0,1.0,W5,4.0,4.0
W5,W10,0.5,W5:W5:W10,0.0,0.0,0.0,0.0,0.0,0.0,0.0,0.0,0.0,0.0,0.0,0.0,0.0,0.0,0.0,W5,0.0,0.0
W5,W6,0.5,W5:W5:W6,0.0,0.0,0.0,0.0,0.0,1.0,0.0,0.0,0.0,1.0,0.0,0.0,0.0,0.0,0.0,W5,2.0,2.0
W5,S26,0.5,W5:W5:S26,0.0,0.0,0.0,0.0,0.0,0.0,0.0,0.0,0.0,0.0,0.0,0.0,0.0,0.0,0.0,W5,0.0,0.0
W5,W7,0.5,W5:W5:W7,0.0,0.0,0.0,0.0,0.0,0.0,0.0,0.0,0.0,0.0,0.0,0.0,0.0,0.0,0.0,W5,0.0,0.0
W6,S26,0.5,W6:W6:S26,0.0,0.0,0.0,0.0,0.0,0.0,0.0,0.0,0.0,0.0,0.0,0.0,0.0,0.0,0.0,W6,0.0,0.0
W6,W10,0.5,W6:W6:W10,0.0,0.0,0.0,0.0,0.0,0.0,0.0,0.0,0.0,0.0,0.0,0.0,0.0,0.0,0.0,W6,0.0,0.0
W6,W2,0.5,W6:W6:W2,1.0,0.0,0.0,0.0,0.0,0.0,0.0,0.0,0.0,0.0,0.0,0.0,0.0,0.0,0.0,W6,1.0,1.0
W6,W5,0.5,W6:W6:W5,1.0,0.0,0.0,0.0,0.0,0.0,0.0,0.0,0.0,0.0,0.0,0.0,0.0,0.0,0.0,W6,1.0,1.0
W6,W3,0.5,W6:W6:W3,1.0,0.0,0.0,0.0,0.0,0.0,0.0,0.0,0.0,0.0,0.0,0.0,0.0,0.0,0.0,W6,1.0,1.0
W6,W4,0.5,W6:W6:W4,0.0,0.0,0.0,0.0,0.0,0.0,0.0,0.0,0.0,0.0,0.0,0.0,0.0,0.0,0.0,W6,0.0,0.0
W7,W11,0.5,W7:W7:W11,0.0,0.0,0.0,1.0,0.0,0.0,0.0,0.0,0.0,0.0,0.0,0.0,0.0,0.0,0.0,W7,1.0,1.0
W7,W10,0.5,W7:W7:W10,0.0,0.0,0.0,1.0,0.0,0.0,0.0,0.0,0.0,0.0,0.0,0.0,0.0,0.0,0.0,W7,1.0,1.0
W7,W8,0.5,W7:W7:W8,0.0,0.0,0.0,0.0,0.0,0.0,0.0,0.0,0.0,0.0,0.0,0.0,0.0,0.0,0.0,W7,0.0,0.0
W7,W9,0.5,W7:W7:W9,0.0,0.0,0.0,0.0,0.0,0.0,0.0,0.0,0.0,0.0,0.0,0.0,0.0,0.0,0.0,W7,0.0,0.0
W7,W24,0.5,W7:W7:W24,0.0,0.0,0.0,0.0,0.0,0.0,0.0,0.0,1.0,0.0,0.0,0.0,0.0,0.0,0.0,W7,1.0,1.0
W8,W7,0.5,W8:W8:W7,0.0,0.0,1.0,0.0,0.0,0.0,0.0,0.0,0.0,0.0,0.0,0.0,0.0,0.0,0.0,W8,0.0,0.0
W8,W5,0.5,W8:W8:W5,0.0,0.0,1.0,0.0,0.0,0.0,0.0,0.0,0.0,0.0,0.0,0.0,0.0,0.0,0.0,W8,0.0,0.0
W8,W6,0.5,W8:W8:W6,0.0,0.0,1.0,0.0,0.0,0.0,0.0,0.0,0.0,0.0,0.0,0.0,0.0,0.0,0.0,W8,0.0,0.0
W8,W10,0.5,W8:W8:W10,0.0,0.0,1.0,0.0,0.0,0.0,0.0,0.0,0.0,0.0,0.0,0.0,0.0,0.0,0.0,W8,0.0,0.0
W8,W21,0.5,W8:W8:W21,0.0,1.0,1.0,0.0,0.0,0.0,0.0,0.0,0.0,0.0,0.0,0.0,0.0,0.0,0.0,W8,1.0,1.0
W8,W24,0.5,W8:W8:W24,0.0,0.0,1.0,0.0,0.0,0.0,0.0,0.0,0.0,0.0,0.0,0.0,0.0,0.0,0.0,W8,0.0,0.0
W8,CG2,0.5,W8:W8:CG2,0.0,1.0,1.0,0.0,0.0,0.0,0.0,0.0,0.0,0.0,0.0,0.0,0.0,0.0,0.0,W8,1.0,1.0
W8,CG9,0.5,W8:W8:CG9,0.0,0.0,1.0,0.0,0.0,0.0,0.0,0.0,0.0,0.0,0.0,0.0,0.0,0.0,0.0,W8,0.0,0.0
W8,W12,0.5,W8:W8:W12,0.0,0.0,1.0,0.0,0.0,0.0,0.0,0.0,0.0,0.0,0.0,0.0,0.0,0.0,0.0,W8,0.0,0.0
W8,MG9,0.5,W8:W8:MG9,0.0,0.0,1.0,0.0,0.0,1.0,0.0,0.0,0.0,0.0,1.0,0.0,0.0,0.0,0.0,W8,2.0,2.0
W8,CG6,0.5,W8:W8:CG6,0.0,0.0,1.0,0.0,0.0,0.0,0.0,0.0,0.0,0.0,0.0,0.0,0.0,0.0,0.0,W8,0.0,0.0
W8,MG6,0.5,W8:W8:MG6,0.0,0.0,1.0,0.0,0.0,0.0,0.0,0.0,0.0,0.0,0.0,0.0,0.0,0.0,0.0,W8,0.0,0.0
W8,MG10,0.5,W8:W8:MG10,0.0,0.0,1.0,0.0,0.0,0.0,0.0,0.0,0.0,0.0,1.0,0.0,0.0,0.0,0.0,W8,1.0,1.0
W8,W9,0.5,W8:W8:W9,0.0,0.0,1.0,0.0,0.0,0.0,0.0,0.0,0.0,0.0,0.0,0.0,0.0,0.0,0.0,W8,0.0,0.0
W8,CG8,0.5,W8:W8:CG8,0.0,0.0,1.0,0.0,0.0,0.0,0.0,0.0,0.0,0.0,0.0,0.0,0.0,0.0,0.0,W8,0.0,0.0
W9,W11,0.5,W9:W9:W11,0.0,0.0,0.0,0.0,0.0,0.0,0.0,0.0,0.0,0.0,0.0,0.0,0.0,0.0,0.0,W9,0.0,0.0
W9,W17,0.5,W9:W9:W17,0.0,0.0,0.0,0.0,0.0,0.0,0.0,0.0,0.0,0.0,0.0,0.0,0.0,0.0,0.0,W9,0.0,0.0
W9,W7,0.5,W9:W9:W7,0.0,0.0,0.0,0.0,0.0,0.0,0.0,0.0,0.0,0.0,0.0,0.0,0.0,0.0,0.0,W9,0.0,0.0
W9,W8,0.5,W9:W9:W8,0.0,0.0,0.0,0.0,0.0,0.0,0.0,0.0,0.0,0.0,0.0,0.0,0.0,0.0,0.0,W9,0.0,0.0
W9,W10,0.5,W9:W9:W10,0.0,0.0,0.0,0.0,0.0,0.0,0.0,0.0,0.0,0.0,0.0,0.0,0.0,0.0,0.0,W9,0.0,0.0
W9,CG10,0.5,W9:W9:CG10,0.0,0.0,0.0,0.0,0.0,0.0,0.0,0.0,0.0,0.0,0.0,0.0,0.0,0.0,0.0,W9,0.0,0.0
W9,CG9,0.5,W9:W9:CG9,0.0,0.0,0.0,0.0,0.0,0.0,0.0,0.0,0.0,0.0,0.0,0.0,0.0,0.0,0.0,W9,0.0,0.0
W9,CG13,0.5,W9:W9:CG13,0.0,0.0,0.0,0.0,0.0,0.0,0.0,0.0,0.0,0.0,0.0,0.0,0.0,0.0,0.0,W9,0.0,0.0
W9,M10,0.5,W9:W9:M10,0.0,1.0,0.0,0.0,0.0,0.0,0.0,0.0,0.0,0.0,0.0,0.0,0.0,0.0,0.0,W9,1.0,1.0
W9,MG3,0.5,W9:W9:MG3,0.0,1.0,0.0,0.0,0.0,0.0,0.0,0.0,0.0,0.0,0.0,0.0,0.0,0.0,0.0,W9,1.0,1.0
